"--164552ea90517a40","Повстання"
"--2185412e6c5e4d08","Блейн Кіґан десятиліттями був головним гравцем у техаському підсвіті. Після початку як грабіжник автомобілів низького рівня, він застосував свою підприємницьку геніальність, щоб побудувати державне контрабандне кільце, що стоїть неперевершеним донині. Нещодавно він заснував Keegan Oil для проведення більш законних ділових можливостей. Бережливо та підраховуючи, Кіґан знає, коли грати добре та коли грати по брудному."
"--310df33003cb9c72","Блейн Кіґан"
"--33d3bd017d9fc35e","Повстання"
"--4866a8eb5473c1a6","Вороже Захоплення"
"--4c219b5bd5dc7d69","Вороже Захоплення"
"--8cdabc47c3421a3a","Ця справа небезпечна, але коли ми починаємо щось, то бачимо її наскрізь.$NL;Як тільки ми отримаємо доступ до постачання нафти, ми переправимо її на наш танкер. Потім, щоб підірвати бурову платформу, ми створимо неполадку за допомогою основного буру, але нам потрібна ключ-карт Ґабрієля, щоб дістатися керування тиском. Цей колишній найманець знає, що ми ті, хто прибив його брата, тому будьте готові прибрати його.$NL;Остання річ: Ви повинні вкрасти сховану готівку Рейна, або спалити її. Те саме стосовно Кіґана. Тепер, ходімо в лучах слави!"
"a264d02d86348547","Аліса Рейні захопила головну нафтову платформу SERA, щоб використовувати її як важіль тиску на компанію і приховати гроші від федеральних агентів. Якщо ви зможете вкрасти трохи нафти і потім знищити платформу, Рейні буде розгромлена. Це буде непросто. Це місце – справжня фортеця, і шоу тут керує брат Естебана, Габріель Сантьяго. Але якщо вам це вдасться, ви станете легендами Техасу!$NL;$NL;»Вкрасти найчистішу нафту$NL;»Ліквідувати Габріеля Сантьяго$NL;»Знищити нафтову платформу"
"american_desc_codex","Houston could never hold a job even if his life would depend on it. His life style turned him to a life of cons and burglary. He committed his first major felony at the age of 24 and the stakes have only increased since."
"b2c0f3a37c17e4e7","A friend of Gemma's is a friend of ours, especially when he's ready to pay us a kakspul!$NL;SERA's got their main office and research center in Dallas. That's where they plan to reveal the Neo-2 prototype tonight. We'll get blackmail on Rainey, snag the Neo-2, and clear out anything SERA could use to rebuild it.$NL;The clearest route would be to hit the office building first, then the laboratory, but you can tackle the locations in any order you choose."
"cf59da94f4a14070","My employee Ms. McShay says you can fix my problem. I'm trying to break into the oil game, but I'm getting blocked by Alice Rainey - CEO of SERA Inc. Esteban Santiago was on her payroll. SERA's developing a prototype in CO2 capture tech. I want it, and all proof SERA invented it. I'll also pay for any dirt you find on Rainey.$NL;$NL;»Find blackmail materials on Alice Rainey$NL;»Steal the Neo-2 prototype$NL;»Raid SERA's research laboratory"
"chill_combat_desc","Ваша Конспоративна квартира знаходить під атакою! Захистіть її!"
"chill_combat_header","Рейд на криївку"
"chill_combat_rewards","Нагороди"
"eday1_brief","Піарники Слона стверджуватимуть, що він прийшов до влади завдяки глибині, лідерству та чесності, але це повна нісенітниця. Цей жирний виродок збирається обманом прокласти собі шлях до Сенату, і тут вступаєте ви. На 39-му пірсі стоять вантажівки. В одній з них машини для голосування. Знайди вантажівку і прикріпи до неї GPS-трекер. Ми розберемося з цим пізніше. Звісно, Слон хоче, щоб це було зроблено з якомога меншою ймовірністю поганої преси, яка повернеться до нього. Тому він виділив частину своїх чималих коштів на спеціальну премію за таємні операції. Ви, хлопці, зробіть це тихо, і хороший політик вас добре винагородить."
"eday2_brief","Я відстежив вантажівку до складу на Гусячому острові. Це розподільчий склад, укладений контракт на доставку машин для голосування до кінцевого пункту призначення. За допомогою невеликих технічних хитрощів ми зробимо ці машини більш прихильними до кандидата в мери від Слона - цього слизького мішка з яйцями МакКендріка. Зайти туди, зламати їх, вийти звідти - просто. "
"eday3_brief","We may have failed to tamper with the voting machines, but we can still help rig this vote. The votes have been cast and the exit polls aren't encouraging. If we can corrupt the server with the results we can trigger a re-election. But here's the twist - to avoid suspicion, we're gonna make it look like collateral damage by robbing the bank next door."
"eday3_brief_skip1","Вантажівку яку ви, придурки, помітили - виявилась неправильною, тому забудьте про перехоплення цих машин для голосування. Ми спробуємо щось інше щоб задовольнити Слона. Ми можемо зробити переобрання через фізичне втручання до сервера в дільницях для голосування. Щоб запобігти підозри від нашого спонсора, ми зробимо так, щоб це виглядало як побічний збиток від пограбування банку навпроти."
"eday3_brief_skip2","Я не зміг знайти потрібну вантажівку через завантажені вами дані про доставку, тому ми не зможемо перехопити ці машини для голосування. Однак, ми все ще можемо залишити Слона задоволеним. Поруч з виборчою дільницею є банк. Ми пограбуємо його. Хоча ні, не зовсім, тому що ваша справжня мета - зламати сервер з результатами голосування, що знаходиться по сусідству. Нападайте на банк, відкривайте сховище і все таке, але пам'ятайте, що ваша справжня мета - розгромити виборчу дільницю."
"german_desc_codex","Вульф може бути щасливим по вуха одну секунду і до біса божевільним наступну. Після психічного зриву він переосмислив свою особистість і тепер це поєднання героїв бойовиків та його власних уявлень про те, яким має бути злочинець."
"heist_airport","Аеропорт"
"heist_airport_briefing","Гаразд, аеропорт знаходиться внизу пагорба. Проріжте паркан і знайдіть ангар, де стоїть вантажівка з кейсами. Мендоза, ймовірно, будуть там. Забери зброю або зроби так, щоб вони її не знайшли. Вони не залишать це без бою"
"heist_airport_crimenet","The FBI has intercepted Vlad's weapon deal at the airport. He needs your help retrieving his hardware$NL;$NL;» Locate the hangar where the weapons are$NL;» Bring the weapons back to the van"
"heist_airport_hl","Аеропорт"
"heist_alex","Щури"
"heist_alex_1_briefing","Ну, ви чули Гектора. Нема часу тягнути кота за яйця. Ми йдемо до нарколабораторії з метом та забираємо товар. Я не впевнений скільки в нас часу поки поліцаї сюди не приїдуть, що тільки продовжує нашу чорну смугу невезіння яку ми мали в останній час."
"heist_alex_1_hl","Варка"
"heist_alex_2_briefing","OK folks, I spoke to Hector. The Mendoza higher ups are fleeing the country but Hector isn't quite ready to let them leave. He wants to know where they're headed. A rat in their midst has sold them out to the Cobras street gang - vicious pricks that even Hector's people don't deal with. Which is where you come in... Trade the meth with them for the info."
"heist_alex_2_hl","Код для Мету"
"heist_alex_3_briefing","Що ж, як виявилось ФБР супроводжують Мендоз щоб вони покинули країну. Можливо мають якусь згоду, можливо ні. Чесно кажучи, мені начхати чи передають їх там чи як. Всі шишки в цьому автобусі, гроші у тому числі. Заберіть гроші, вбийте верхушку Мендози й покінчіть з цим. Ми заходимо за допомогою гелікоптера."
"heist_alex_3_hl","Автобусна зупинка"
"heist_alex_crimenet","Help Hector wipe out the Mendoza leaders.$NL;$NL;» Retrieve meth from the Mendoza lab$NL;» Trade meth for info with the Cobras$NL;» Eliminate the Mendoza cartel leaders"
"heist_arena","Пограбування “Алессо”"
"heist_arena_briefing","The arena has a huge security floor run by GenSec. Part exhibition for corporate VIP's, but still a working vault. Tonight, we hit it. We got an inside man on this one. He stashed some C4 around the Arena. Gather it, blow the vault from beneath and get that sweet dirty money out. There's a big star playing here. No-one less than Alesso. Tonight's the last night of his sold-out East Coast tour, and he's promised to tear the roof up. Oh, and Wolf - stay off the dance floor."
"heist_arena_crimenet","Алессо сьогодні в місті. Він грає на Арені GenSec і ми направляємось туди. Алессо не є ціллю, до речі. Арена слугує як захищеною фортецею, так і місцем, де GenSec демонструє своє нове сховище - Сейф Інвестицій. Вони думають, що він непроникний. Доведемо їм, що вони неправі. $NL;$NL;» Обшукайте арену та знайдіть C4 $NL;» Закладіть C4 в гаражі під сховищем $NL;» Зламайте систему в Кабіні Контролю Піротехники та здетонуйте C4 $NL;» Просвердліть дно сховища $NL;» Забирайте здобич та тікайте"
"heist_arena_hl","Пограбування “Алессо”"
"heist_arm_cro","Транспорт: Перехрестя"
"heist_arm_cro_briefing","Ми змусили інкасаторки GenSec проїхати на іншу дорогу на розі Маккарті та Джеймса. Звісно там були хіпстери з Тайм Аута, які усрались у свої лате-мак'ято. Вам треба буде проникнути в вантажівки та зламати сейфи всередині. Що б вони не перевозили - заберіть та забирайтесь."
"heist_arm_cro_crimenet","Bain has intercepted a convoy of armored GenSec trucks. They're carrying high-value cargo and you need to get in fast and steal it.$NL;$NL;» Break into the immobilized trucks$NL;» Crack open the strongboxes$NL;» Get the loot to the getaway vehicle"
"heist_arm_cro_hl","Транспорт: Перехрестя"
"heist_arm_fac","Транспорт: Гавань"
"heist_arm_fac_briefing","We're using a magnetic crane to drop a little present in the path of the GenSec convoy - a steel container of professional badasses. Hit the trucks, and get the loot to the getaway. These docks have a rich history of heistery, gentlemen - do it proud."
"heist_arm_fac_crimenet","Bain has intercepted a convoy of armored GenSec trucks. They're carrying high-value cargo and you need to get in fast and steal it.$NL;$NL;» Break into the immobilized trucks$NL;» Crack open the strongboxes$NL;» Get the loot to the getaway vehicle"
"heist_arm_fac_hl","Транспорт: Гавань"
"heist_arm_for","Транспорт: Пограбування потяга"
"heist_arm_for_briefing","Креслення, яке ви знайшли, було для нового типу піхотної турелі під кодовою назвою RC1. Справжнє лайно нового покоління. Копаючись глибше, я дізнався про спеціально зафрахтований потяг, який прямує до Пентагону. Я зламав мережу залізниці й вони думають, що зупинились через глюк на перемикачах. Три вагони. Один з товаром. Інші два для патронів. Все це можна продати, але головне - турель. Вони вас не очікують."
"heist_arm_for_crimenet","That blueprint you found in the last job was for a prototype infantry weapon, a new kind of turret. It's also carrying significant amounts of ammunition, which you can also try to retrieve. $NL;$NL;» Find and break into the correct railcar$NL;» Recover the prototype turret$NL;» Dismantle and secure the turret components$NL;» Acquire the required amounts of ammunition$NL;» Secure all items in the waiting vehicle"
"heist_arm_for_hl","Транспорт: Пограбування потяга"
"heist_arm_hcm","Транспорт: Центр Міста"
"heist_arm_hcm_briefing","One downtown skyway, five pounds of strategically placed C-4 and impeccable timing has given us a stranded convoy of GenSec trucks. Hit them hard while they're still disoriented. Break into the trucks and the strongboxes, and return the goodies to the escape driver."
"heist_arm_hcm_crimenet","Bain has intercepted a convoy of armored GenSec trucks. They're carrying high-value cargo and you need to get in fast and steal it.$NL;$NL;» Break into the immobilized trucks$NL;» Crack open the strongboxes$NL;» Get the loot to the getaway vehicle"
"heist_arm_hcm_hl","Транспорт: Центр Міста"
"heist_arm_par","Транспорт: Парк"
"heist_arm_par_briefing","The lunch-time crowd at Sherping Memorial Park usually don't see anything more exciting than a pigeon taking a crap, so put a good show on for them, gentlemen. You got GenSec trucks and the strongboxes inside to deal with."
"heist_arm_par_crimenet","Бейн перехопив конвой інкасаторок GenSec. Вони мають дуже цінний вантаж і вам треба зайти швидко та забрати його. $NL;$NL;» Вламайтесь до нерухомих вантажівок$NL;» Відчиніть сейфи$NL;» Заберіть здобич до машини для втечі"
"heist_arm_par_hl","Транспорт: Парк"
"heist_arm_und","Transport: Underpass"
"heist_arm_und_briefing","We hit the GenSec convoy at the underpass, en-route from Dulles to their depot in McLean, so expect rich pickings. Get whatever's in the trucks to your escape driver. We're deep in Indian country here, gentlemen, so expect a fast response from D.C.'s finest."
"heist_arm_und_crimenet","Bain has intercepted a convoy of armored GenSec trucks. They're carrying high-value cargo and you need to get in fast and steal it.$NL;$NL;» Break into the immobilized trucks$NL;» Crack open the strongboxes$NL;» Get the loot to the getaway vehicle"
"heist_arm_und_hl","Transport: Underpass"
"heist_bex","Банк Сан Мартін"
"heist_bex_briefing","OK, friends. We're going to have to help Vlad with this one. I suppose we owe him, even though it will take a lot of focus off our current operations in Washington. He wants us to break into the San Martín bank, in a little rustic town just south of Mexico City. I'm a bit worried that he's being so secretive about what exactly we're stealing, but he says you'll know it when you see it. It's always a riddle with that chop, but I've got a cunning plan to see you through. Now, the Coyopa cartel operates this bank, and from what I've read about this Buluc"" character"
"heist_bex_crimenet","Vlad is demanding that you help him recover some important loot to repay him for all his help.$NL;$NL;»Find a way into the secure areas of San Martín bank$NL;»Locate and crack open the vault$NL;»Recover Vlad's precious"" loot"""
"heist_bex_hl","Банк Сан Мартін"
"heist_big","Великий банк"
"heist_big_briefing","The Benevolent Bank has history. Oldest US bank, sacked by the British in 1812, held Civil War gold, issued FDR's first bonds. Hell, you'll even find it on the back of your ten-spots. And guess what - in all that time, it has never been successfully knocked over. Successfully. Well, today it is your turn to try and change that.$NL;$NL;You're going in through the front door. Scope the place to figure your best way through the lobby to the vaults beyond. I've got some ideas of how we're going to boost all that loot. Trust me. Make history, guys."
"heist_big_crimenet","This is the Mother of all bank jobs. The vault doors at the Benevolent Bank are way beyond anything that you've seen before.$NL;$NL;» Plan your heist using preplanning$NL;» Case the main hall and side offices$NL;» Find a way into the vault$NL;» Steal anything you can and get out"
"heist_big_hl","Великий банк"
"heist_born","Пограбування Байкерів"
"heist_born_briefing","We knew Rust's loyalty would be shaky at best, so Dallas came up with a plan to secure it by retaking the old biker's custom ride from the clubhouse. A quick and sneaky thing, you know? Unfortunately, things just got more complicated. The OVERKILL MC have taken Rust's mechanic friend, Mike, hostage. You see, the reason Rust was recruited to begin with, is that he has intel about a new type of advanced weaponry that Bain is after. But Rust has decided to not tell us shit until his friend and his bike are secured. No other choice than to walk straight into the lion's den and help him out, gentlemen. Good luck."
"heist_born_crimenet","Rust's decision to join the Payday Gang did not come free of cost. His former brothers in the Overkill MC are out for blood. Our blood, to be more specific. We're walking straight into a trap, but it'll be worth it. Trust me.$NL;$NL;» Enter the clubhouse$NL;» Find the mechanic$NL;» Assemble the bike and escape"
"heist_born_hl","Lion's Den"
"heist_bph","Пекельний Острів"
"heist_bph_briefing","Ok, now we don't know exactly where in the prison Bain is being held or what condition he is in, and there are Murky keks everywhere. This one is going to go loud pretty fast, yeah? You're going in through the sewer system that empties into the ocean."
"heist_bph_crimenet","Friends, the Elephant has provided me with some intel, and I've managed to locate Bain. Kataru dwankies are holding him in an abandoned prison from World War II. The facility is located on an island in international waters off the coast of northern Oregon and has been in used by the Murkies since the 70s. I have pulled in a couple favors and bought you a ticket on a small civvy submarine so that you can sneak into the place and get our man back.$NL;$NL;»Enter the Compound$NL;»Locate Bain$NL;»Break Bain out and Escape"
"heist_bph_crimenet_hl","Пекельний Острів"
"heist_bph_hl","Пекельний Острів"
"heist_branchbank","Пограбування Банку: Випадкове"
"heist_branchbank_briefing","Harvest & Trustee - це відділення банку середнього розміру, сховище ззаду, декілька різних проходів. Спершу огляньте місце. Моя людина залишить термодриль позаду. Встановіть його до дверей сховища та заберіть все, що є всередині до машини для втечі. Хай щасти."
"heist_branchbank_cash","Пограбування банку: Готівка"
"heist_branchbank_cash_briefing","This is a hit on a medium-sized bank but it doesn't mean it'll be easy. We're going for cash. You want to find the vault, get the thermal drill out, crack the door, bag up the cash and escape at our van. Oh - my guy stashed the thermal drill around the back of the bank. Good luck out there people..."
"heist_branchbank_cash_crimenet","Bain wants you to do a classic bank hit. This job is about the cash shipment the bank just received.$NL;$NL;» Locate the bank$NL;» Find the thermal drill$NL;» Drill the vault$NL;» Keep the civilians in check$NL;» Escape with the money in the vault"
"heist_branchbank_crimenet","Bain wants you to do a classic bank hit.$NL;$NL;» Find the thermal drill$NL;» Drill the vault$NL;» Keep the civilians in check$NL;» Escape with the contents of the vault"
"heist_branchbank_deposit","Пограбування Банку: Депозит"
"heist_branchbank_deposit_briefing","Now we're getting into the bank vault. This job is about deposit boxes. Case the bank first. They're wired out the ass with security cameras and trigger happy guards. Get the vault open with the thermal drill, then get the safe deposit boxes open. You might want a saw. And then carry your loot to the escape van."
"heist_branchbank_deposit_crimenet","Bain wants you to do a classic bank hit. This job is about deposit boxes.$NL;$NL;» Locate the bank$NL;» Find the thermal drill$NL;» Drill the vault$NL;» Keep the civilians in check$NL;» Open the deposit boxes$NL;» Escape with the contents of the boxes"
"heist_branchbank_gold","Пограбування банку: Золото"
"heist_branchbank_gold_briefing","Як я казав, ця банківська справа за золото. Це маленький банк, але в них багато охорони та багато клієнтів. Вам потрібно буде працювати акуратно щоб це не пішло боком. Просвердліть сховище та забирайте здобич. Золото дуже важке, пам'ятайте. Чекайте коли я викличу машину для втечі. Зрозуміло? О, ще мій хлопець залишить термосвердло щоб проникнути до сховища десь позаду. Поїхали."
"heist_branchbank_gold_crimenet","Bain wants you to do a classic bank hit. The Harvest & Trustee bank is trying to up its liquidity with a large deposit of gold.$NL;$NL;» Locate the bank$NL;» Find the thermal drill$NL;» Drill the vault$NL;» Escape with the gold"
"heist_branchbank_hl","Пограбування Банку"
"heist_branchbank_hl_cash","Пограбування банку: Готівка"
"heist_branchbank_hl_deposit","Пограбування Банку: Депозит"
"heist_branchbank_hl_gold","Пограбування Банку: Золото"
"heist_branchbank_hl_random","Пограбування Банку: Випадкове"
"heist_brb","Бруклінський Банк"
"heist_brb_briefing","It looks like someone at Murkywater might be behind our current predicament. They have closed all communication channels with me. Still got a couple friends there, but it looks like I am officially... ousted. Mr. Lindenhurst was kind enough to decrypt some notes an ancestor had printed on the back of a painting:The View of Mount Vernon. Bain owned the real thing you know; you have to wonder how he pulled that one off, yeah? Watookal, the notes detail that inside the vault of the Brooklyn Bank, there's something buried in the foundation; something that Bain needed, put there when the concrete was poured. I've no idea what it is, and how all this fits together, but whoever got to him put in a lot of resources, so it's probably not any old dinges. We're going in to get it before anyone else finds out, yeah?"
"heist_brb_crimenet","Bain was after an object that is buried in the foundation of the old bank in Brooklyn. We need to smash our way in loudly, and retrieve this object.$NL;$NL;»Locke's remote controlled van crashes into the bank$NL;»Get into the bank$NL;»Gain access to the pre-vault room$NL;»Crack the vault$NL;»Plant C4 on the floor$NL;»Retrieve the object hidden under the vault$NL;»Loot more or escape"
"heist_brb_hl","Бруклінський Банк"
"heist_cage","Автосалон"
"heist_cage_briefing","Teuer Autos - наша мета. Ми збираємося напасти на їх дилерський центр пізно ввечері. Повинно бути тихо, мало цивільних. Це висококласна контора. Займаються імпортом високопродуктивних суперкарів з Європи та Японії. Ці машини - витвір інженерної краси. І вони дорогі - ми говоримо про ціну будинку в Джорджтауні."
"heist_cage_crimenet","Ми вирушаємо до виставкового залу Teuer. Цього разу наша ціль – нові високопродуктивні спорткари. Заберіть їх звідти. Ми не хочемо жодних подряпин, тому дійте тихо.$NL;$NL;» Знайдіть сховище з ключами$NL;» Отримайте доступ до кімнати з ключами$NL;» Підірвіть ділянку дороги$NL;» Доставте машини до доків"
"heist_cage_hl","Автосалон"
"heist_cane","Майстерня Санти"
"heist_cane_briefing","Це досить просте завдання. Купка бандюг заправляють маленькою операцією. Мають купку ельфів"" які розподіляють кокс, який потрібен Владу. Розберіться з ними"
"heist_cane_crimenet","The target is a gang-run warehouse. They've got some elves making presents - bundles of coke. Get them cutting for us.$NL;$NL;» Enter the warehouse$NL;» Convince the elves to make presents for us$NL;» Protect the elves$NL;» Secure the presents"
"heist_cane_hl","Майстерня Санти"
"heist_chas","Dragon Heist"
"heist_chas_briefing","Friends, we're taking a risk, making a ruckus with the triads, but this is a solid job. Jiu Feng has provided grootste details on the location, so we're going to Chinatown! The statue is kept in a warehouse, behind a tea shop front. You'll need to bypass several security systems, and the triad is auctioning some of their other valuables to rich dwankies, so be ready to distract any civvies. Make certain the brakes on the van are in shape, and bring me back some egg rolls from Chao's on the corner, I hear it's the best Chinese food on the west coast, for sure!"
"heist_chas_crimenet","An organization I was once a part of is making my business difficult, and I'd like to make things difficult for them in turn, by profiting heavily from their loss. They are in possession of a priceless item, a gold statue of a dragon. Very old, right? Rumor has it, you are in need of funding, and this job will be very bountiful. I can provide all the details you need. If you take the statue, it is yours to do with as you please, but for any other valuables, we split the take.$NL;$NL;»Infiltrate the warehouse$NL;»Find the vault$NL;»Escape with the dragon statue and other valuables"
"heist_chas_hl","Dragon Heist"
"heist_chca","Black Cat"
"heist_chca_briefing","We're going to help Vlad get some payback and make a kakspul of cash doing it by cleaning out the Black Cat as soon as it enters international waters. Jiu Feng has an insider helping us and we've learned that Xun Kang, and another dwankie named Li Deng are running the operation. They will have the keys to opening the vault. Keep a tight operation, because the coast guard will fill the ship with kerels before you can say Look"
"heist_chca_crimenet","My Friends, it's time to get back at those Golden Toothpick motherfuckers. With the help of Jiu Feng, I found out that The triad is keeping most of it's money in a casino vault on their cruise ship, The Black Cat. The fucker that tortured me is even running the place! Let's make those noodle-suckers feel like they are on the Titanic, and clean them out! Sound good?$NL;$NL;» Board the Black Cat$NL;» Obtain the insider info, code and the handprint for the vault$NL;» Locate and open the vault$NL;» Secure the loot and Escape"
"heist_chca_hl","Black Cat"
"heist_chew","Перехват"
"heist_chew_briefing","All right, this is what we know: Somehow the OVERKILL MC got their hands on a new type of technology called brain-computer interface. and believe me, gentlemen; this is the future. This BCI technology lets you control a military drone by only using your brain and as you can imagine, it's very valuable. Bain is in contact with a potential buyer that is offering a large amount of cash to get his hands on it. The BCI headset and computer software is already on the move on a freight train, fortunately Bile is ready to drop you off. Now get to work."
"heist_chew_crimenet","The OVERKILL MC is smuggling their stolen cargo on a freight train. The Elephant wants that weapon's tech. Go get it. $NL;$NL;» Board the train$NL;» Locate and steal the BCI helmet$NL;» Escape"
"heist_chew_hl","Перехват"
"heist_chill_combat","Рейд на криївку"
"heist_chill_combat_crimenet","The cops are coming to raid the Safe House. But they don't know who's there , so you'll have the advantage of surprise. Protect your money bags at all costs!$NL;$NL;»Defeat the police raid.$NL;»Don't let the cops steal your money."
"heist_chill_combat_hl","Рейд на криївку"
"heist_chill_combat_hl_briefing","The cops are coming to raid the Safe House. But they don't know who's there , so you'll have the advantage of surprise. Protect your money bags at all costs!$NL;$NL;»Defeat the police raid.$NL;»Don't let the cops steal your money."
"heist_contact_bain","Бейн"
"heist_contact_bain_description","Тіньова фігура яка стоїть за Crime.net. Ніхто, навіть банда, ніколи не зустрічали Бейна, весь зв'язок з контактами та командою ретельно перевірений, щоб забезпечити мінімальний ризик усім сторонам."
"heist_contact_classic","Класика"
"heist_contact_classic_description","Contracts from the good ol' days."
"heist_contact_continental","The Continental"
"heist_contact_continental_description","The Continental is a mysterious institution, a hotel but also a safe haven for professional assassins and others who move in the shadows. Sometimes the Continental has need of services, services that require special talents. This is where the Payday Gang comes into the picture."
"heist_contact_events","Events"
"heist_contact_events_description","Контракти з подій"
"heist_contact_gage","Gage "
"heist_contact_gage_description","Gage is an Afghanistan war veteran, known for being in a wheelchair after an assassination attempt. He is the best weapons dealer within the border - and a good assassin at that. Anything you might need, he's your man."
"heist_contact_hector","Hector"
"heist_contact_hector_description","A detail-oriented former business administrator, Hector is the biggest drug trafficker on the Eastern Seaboard and next in line for leadership of the Sinaloan Cartel in Mexico."
"heist_contact_hoxton","Гокстон"
"heist_contact_interupt","Car chase"
"heist_contact_jiufeng","Джу Фенґ"
"heist_contact_jiufeng_description","Jiu Feng is a weapons dealer based in San Francisco. He was once a member of the mighty Golden Dagger Triad but left after falling out of favor with its leader, Yufu Wang. Nonetheless, he still possesses an intimate knowledge of the Triad's operations."
"heist_contact_jiufeng_description_old","Тож, хмм. Можете мене називати Джу Фенґом. Як кажуть на районі, банда Payday - крута група з якими можна мати справу, так? І те, що вам завжди потрібні... постачальники. Я думаю мої послуги будуть вам цікаві. Можу навіть... організувати щось довгострокове. Подумайте над цим і поговоримо потім, гаразд?"
"heist_contact_locke","Локк"
"heist_contact_locke_description","Born in South Africa, educated at Lincoln Laboratory, trained under MI5, and now employed by Murkywater. Vernon Locke heads their special cyberwarfare division, which has been tasked with infiltrating Crime.net. Locke has managed this. However, he sees this as an opportunity, and has reached out to Bain and the Payday Gang. The deal? Work with him, or he brings Crime.net down forever."
"heist_contact_mcshay","Джемма МакШей"
"heist_contact_mcshay_description","A Texan since birth, Gemma McShay comes from a large family of small-time grifters, but she quickly distinguished herself as a sharper and more capable thief than any of her kin. She now works as a high-ranking member of a Texas-based smuggling ring, overseeing many of its day-to-day operations herself. Gemma's laid-back, gregarious charm is a camouflage to hide her ruthless cunning. If someone crosses her, she's not afraid to strike back."
"heist_contact_shayu","Шаю"
"heist_contact_shayu_description","Shayu is a powerful member of the Golden Dagger Triad, based in San Francisco. Born in Macao, China, she got involved with crime at an early age, running fringe jobs for local crime syndicates. Over time gaining a reputation for efficiency and loyalty, she was recruited by the Golden Dagger Triad to oversee smuggling operations running between Hong Kong, Singapore, and San Francisco. She is a shrewd diplomat and perfectly able to handle tough situations with a superb balance between ruthlessness and pragmatism."
"heist_contact_skirmish","Утримання"
"heist_contact_the_butcher","The Butcher"
"heist_contact_the_butcher_description","The Butcher's business is weapons - their procurement, sale and distribution. With Gage on an extended vacation"""
"heist_contact_the_dentist","The Dentist"
"heist_contact_the_dentist_description","Little is known about the Dentist. He represents a large clientele whom he refers to as his patients. He is a determined, meticulate planner who has taken a great interest in the Payday Gang. He is the only one who knows how to free old Hoxton."
"heist_contact_the_elephant","Слон"
"heist_contact_the_elephant_description","Джон Генрі Сіммонс, або Слон, як його кличуть в пресі. Брудний республіканський конгресмен з таємними зв'язками які ведуть аж до самого верха."
"heist_contact_vlad","Влад"
"heist_contact_vlad_description","A Ukrainian who used to be a feared enforcer in the Russian motherland, Vlad's been running his own extortion and crime racket in DC out of his local bakery for years. "
"heist_crime_spree","РОЗГУЛ ЗЛОЧИННОСТІ"
"heist_crojob1","Бомба: Доки"
"heist_crojob1_crimenet","Мої контакти в Спліті повідомили про те, що вантажне судно Моретта має пришвартуватися у Вашингтоні найближчими днями. Воно перевозить велику кількість термобаричної вибухівки. Мені потрібна кваліфікована команда щоб забрати їх. Бажано тихо.$NL;$NL;» Відкрийте ворота дока$NL;» Перемістіть корабель до Завантажувального Доку 3B$NL;» Збирайтесь на корабель та обшукайте контейнери$NL;» Забирайте бомбу та тікайте"
"heist_crojob2","Бомба: Ліс"
"heist_crojob2_briefing","The Moretta is sitting in a sealed dock, awaiting customs clearance. This is where you come in. Once you're in the dockyard, you're going to get it moved to a berth from where you can get aboard. From 2B to 3B. Open the dock gates, and let the Captain know he can move. Once the Moretta is berthed in 3B, you can get aboard and boost the explosives. Simple? Well, maybe not so simple. Security's too tight for a ship loaded with Balkan farm produce. Starting to guess a lot of shady stuff comes through that route. So be careful."
"heist_crojob2_crimenet","A large amount of thermobaric explosive is due to be taken by a secure train, to a plant where it will be decommissioned. I require a skilled team to recover these explosives. Send a message. Do it loud.$NL;$NL;» Find the correct wagon$NL;» Fill the wagon with water$NL;» Find C4 and use it to open the wagon$NL;» Take the bomb and escape"
"heist_crojob2_hl","Бомба: Доки"
"heist_crojob3_briefing","Those thermobaric explosives were loaded onto a freight train this morning. It's heading down to Norfolk. Maybe to be sold on, maybe to be decommissioned - it doesn't matter, because it won't reach there. A moving train is tough to stop, so we're doing this Old West style. Blow a section of bridge and the whole thing comes tumbling down. It's loud and messy, but effective. The wagons will be scattered to hell. One of them has a vault where our explosives are - search each of 'em til you find it."
"heist_crojob3_hl","Бомба: Ліс"
"heist_dah","Diamond Heist"
"heist_dah_briefing","Ok, listen up. To get inside that vault you need to get by the security system. Intel says that Garnet's son Ralph has the keycard for it, but he also happens to be the birthday boy so that could be a problem. There's also a three-part security code split up onto different laptops because someone told 'em it would be safer. It'd be great if you could get our hands on both the keycard and code without raising any alarms, maybe pull a silent fast one on Mr. Garnet."
"heist_dah_crimenet","The Garnet Group Building houses a vault containing millions of dollars in diamonds. It's also full of high-tech security systems and trigger-happy guards; luckily for us there's a birthday party going on to keep them distracted.$NL;$NL;» Find and override two router boxes so that Bain can hack the security system$NL;» Find three laptops and acquire all pieces of the security code$NL;» Get the keycard from the CEOs son$NL;» Open the vault and steal the diamonds"
"heist_dah_hl","Викрадання діамантів"
"heist_dark","Murky Station"
"heist_dark_briefing","I'm not gonna lie; we are taking a huge risk by double-crossing Akan, but I believe this is the right choice. First thing is getting the EMP bomb that is being transported by Murkywater. They will be making a scheduled stop. That will be our chance. Get in quietly, find the EMP, then get out of there. You need to do this by stealth, so dress the part."
"heist_dark_crimenet","To get our hands on the EMP bomb, we're gonna have to mess with Murkywater. They are transporting a bunch of goods via train, and will be making a scheduled stop at a hidden train yard. I would prefer to do it guns blazing, but that's too risky, yeah? So we need to this the stealthy way, lads.$NL;$NL;» Find the trains$NL;» Locate the EMP bomb parts$NL;» Get them out of there and escape"
"heist_dark_hl","Murky Station"
"heist_day","День $DAYS;:"
"heist_des","Скеля Генрі"
"heist_des_briefing","Dear friends, this is going to be a tough one. The Kataru have stepped up their pursuit of Bain's dinges, and we've got to take away their toys, yeah? The warehouse we're going to hit is the most important Murky site there is, and they're working on some very strange projects. They only let me near the place once, and I didn't see much, so we can't know what to expect. I've pulled in every last favor with my remaining contacts at Murky, and have got us a way in, but we're going in blind. Once we do this, there will be no going back. We're essentially proclaiming open war on Murkywater, but we owe the bliksems for Bain. There's going to be a caliber of security we haven't seen before, so don't get NAAFI once you're in, yeah."
"heist_des_crimenet","The top-secret Murkywater facility at Henry's Rock contains a lot of nefarious projects. Murky are researching and experimenting on two gilded cases like the ones recovered from the Golden Grin Casino and the FBI evidence lockup. We're going to take them off their hands. $NL; $NL; » Break into the Henry's Rock facility$NL; » Search for and recover the two golden boxes$NL; » Disable any defenses to make your escape$NL;"
"heist_des_crimenet_hl","Скеля Генрі"
"heist_des_hl","Скеля Генрі"
"heist_dinner","Скотобійня"
"heist_dinner_briefing","Murkywater's been moving stuff through DC by convoy for months. I've resisted hitting these til we got a shot at a big prize. Here it is. Gold bullion. Got a diversion on the Woodrow set up to get it where we want it, then we're gonna seperate an armored truck from an armed convoy. Once it's isolated, hit it and boost that sweet bling. Au yeah."
"heist_dinner_crimenet","We're ambushing a convoy down by the docks. The cargo is gold. The convoy is Murkywater. Questions?$NL;$NL;»Hit the convoy$NL;»Extract the gold$NL;»Prepare a trap$NL;»Lift the gold out of there$NL;»Escape"
"heist_dinner_hl","Скотобійня"
"heist_dream","Скотобійня"
"heist_dream_hl","Скотобійня"
"heist_election_day","Election Day"
"heist_election_day_1_hl","Right Track"
"heist_election_day_2_hl","Swing Vote"
"heist_election_day_3_hl","Breaking Ballot"
"heist_election_day_crimenet","Crime is an unsavoury line of work, but it's time you dipped your toes in some truly dirty business - politics. The Elephant wants you to help get his man Bob McKendrick into the Mayor's office.$NL;$NL;» Locate the voting machines$NL;» Hack the machines to swing the vote$NL;» Make sure no suspicion falls on The Elephant"
"heist_escape_cafe_briefing","...Damn it to hell they're onto us, they're onto us! You gotta escape with the loot!"
"heist_escape_cafe_hl","Втеча Через Кав'ярню"
"heist_escape_garage_briefing","...Lose 'em... Lose 'em... Dammit... DAMMMIT! You gotta stand and fight!"
"heist_escape_garage_hl","Гаражна Втеча"
"heist_escape_overpass_briefing","...Jesus they're right on top of you, prepare to get hit!"
"heist_escape_overpass_hl","Overpass Escape"
"heist_escape_park_briefing","...Shit we picked up a tail folks, no shaking 'em now!"
"heist_escape_park_hl","Park Escape"
"heist_escape_street_briefing","...They tailed us from the scene, switch car failed, everyone batten down the hatches!"
"heist_escape_street_hl","Street Escape"
"heist_family","Магазин діамантів"
"heist_family_briefing","All the display cases in there are connected to an alarm. Disable the alarm and then steal the diamond jewelry. The escape driver is a bit jumpy so keep this quiet and methodical. Bag up everything. Let's get it all!"
"heist_family_crimenet","This is a high fashion jewelry store. Mostly diamonds in there. Bain wants a lot of bags. There is an alarm connected to the display cases. It will be a tough one.$NL;$NL;» Case the place carefully.$NL;» Check for guards, alarms and cameras$NL;» Fill your bags with diamond jewelry and get to the escape car$NL;"
"heist_family_hl","Магазин діамантів"
"heist_fex","Маєток Булука"
"heist_fex_briefing","OK you chops, we're going to run this heist for Vlad, even though our operations in DC are at a critical point. I'm sending you to take out Buluc where he feels the most safe- his island mansion off the Mexican coast. Now that the Coyopa's ties to the Dentist and the Kataru have gone to kek, Buluc is trying to broaden his contact network by hosting a masquerade party for dwankie American wannabe-gangsters. It's the perfect time to get to him, for sure. Accurate details of the place have been hard to come by, but I have been able to tap into the mansion's elaborate surveillance system, and... well... let's say bribed"" a couple of people for some intel. We're going in at sundown"
"heist_fex_crimenet","Hey guys, Vlad needs your help again. My wife is pissed because that fucker Buluc, head of the Coyopa cartel, put my brother-in-law in prison. I need you to send a message to the underworld that no one bullshits Vlad and gets away with it. So, I want you to kill Buluc. Make him suffer, make it bloody. Make me real happy and I will owe you a favor, yes?$NL;$NL;»Infiltrate the Mansion$NL;»Break into Buluc's Office$NL;»Assassinate Buluc$NL;»Escape"
"heist_fex_hl","Маєток Булука"
"heist_firestarter","Підпалювач"
"heist_firestarter_1_briefing","A little bird told me the Mendozas are flying in more weapons in preparation for the war with Hector. We go to their airport, find the weapons and take them all or destroy them. Preferably take them as the money will be great that way."
"heist_firestarter_1_hl","Аеропорт"
"heist_firestarter_2_briefing","Now Hector tells me we need to hit the Mendozas themselves for information. Where they keep their money, in fact. Lucky for us, someone in the Mendoza cartel gave up info that they're being investigated by the FBI. So all we need to do is hit the local FBI office handling the cartel to get the data. And, yes, I know. Out of the frying pan, into the fire..."
"heist_firestarter_2_hl","Сервер ФБР"
"heist_firestarter_3_briefing","This is the place, people... This bank here holds all the Mendoza capital north of the border. Little old grandmothers walk right by their blood money every day. Hidden in plain sight, Hector says. At least $100m in black cash. What you're gonna do is go in, control the crowd, get into the vault without the alarm going off. Then set a fire, and film yourself doing it. Hector wants it that way."
"heist_firestarter_3_hl","Банк Trustee"
"heist_firestarter_crimenet","Ви потрібні Гектору у війні проти картелю Мендози.$NL;$NL;» Перехопіть збройний вантаж Мендози в аеропорту$NL;» Заберіть дані картелю з офісів ФБР$NL;» Спаліть банк, який тримає гроші Мендози"
"heist_fish","Пограбування Яхти"
"heist_fish_crimenet","I know that mayor McKendrick has been somewhat of an... obstacle for the Payday Gang. Now, I have very reliable information that he's moving a large amount of illegal cash into the country to use for his re-election campaign. Enough to decide the election, perhaps. The money is hidden on a yacht belonging to a certain Ethan Powell, an ally of McKendrick. The yacht is currently anchored in New York harbor.$NL;$NL;» Find the stashes and bag the money$NL;» Locate and retrieve the server$NL;» Escape with the loot"
"heist_fish_hl","Пограбування Яхти"
"heist_fish_hl_briefing","Ok guys, you know what's at stake here. McKendrick needs that cash to win the elections, and if you can steal it you're pulling the rug out from under his feet. Let's spoil his party, rain on his parade - get even for what that ungrateful bastard did. So get that cash. And there's another thing I found in the file that Charon gave us - somewhere on the yacht there's a server which contains passwords for illicit foreign bank accounts, some of which are also used by McKendrick. Steal that server, and we can cash in nicely on it.$NL;There's a fundraising party for McKendrick on the yacht tonight. With TV and everything. But the party's mostly on the upper deck, so if you sneak in quietly you should be able to get in and out without anyone noticing."
"heist_four_stores","Чотири Магазини"
"heist_four_stores_briefing","Look, I know Vlad is nuts. But he's got a lot of connections and I have a good feeling about him having a line on some big jobs down the line. This is a good start. Just stay frosty till things heat up."
"heist_four_stores_crimenet","Влад повернувся в місто і йому не подобається, що власники магазинів працюють з москалями. Покажіть їм що Влад робить з нелояльними земляками.$NL;$NL;» Розшукайте чотири магазини$NL;» Вкрадіть всі їх гроші$NL;» Перевірте наявність сейфів щоб їх зламати"
"heist_four_stores_hl","Чотири Магазини"
"heist_framing_frame","Мистецтво Підстави"
"heist_framing_frame_1_briefing","Сенатор полюбляє збирати витвори мистецтва - зокрема ар брют. На щастя для нас, Галерея Капітолія проводить виставу цього тижня. Вам треба забрати помічені малюнки до апартаментів сенатора. В них будуть встановлені камери. Огляд всередині зробить вашу роботу легше, повірте мені."
"heist_framing_frame_1_hl","Картинна Галерея"
"heist_framing_frame_2_briefing","OK, the cameras are installed in the paintings. We're ready. The senator's men are jumpy but ready to deal with us. So let's deal. Money for art. I've set up the meeting location. You meet in an abandoned trainyard. Good luck."
"heist_framing_frame_2_hl","Обмін в Потягу"
"heist_framing_frame_3_briefing","This is the senator's apartment. Nice neighborhood, high security though. He's already got the paintings hung, so our cameras are online and transmitting. You can tap the feed from the roof of the building, sorry we couldn't do better. Get into his hidden vault, take the gold, and leave a little coke there to finish the frame job. We can only get access to the vault with a password though, so find me some of his gadgets and I'll do the rest. Good luck."
"heist_framing_frame_3_hl","Підстава"
"heist_framing_frame_crimenet","The Elephant wants to frame a rival senator.$NL;$NL;» Steal art that the senator wants from the art gallery$NL;» Install cameras in the stolen art and make a deal$NL;» Infiltrate the senator's apartment and plant coke in his vault"
"heist_friend","Маєток Обличчя зі Шрамом"
"heist_friend_crimenet","I have been running guns in the Caribbean for a while. It's been very profitable, but some of the old movers in the region don't approve of my presence on the local market. The Bolivian Sosa Cartel specifically. As they could not compete with me on level terms, they decided to attack my operation - sinking one of my ships, stealing my merchandise and killing my operatives. That was very unwise. Now they must pay. You will collect that payment, in blood.$NL;$NL;» Gain access to the house$NL;» Draw Ernesto Sosa out and kill him$NL;» Open the hidden safe$NL;» Escape with the loot"
"heist_friend_hl","Маєток Обличчя зі Шрамом"
"heist_friend_hl_briefing","Ernesto Sosa is the local boss in Miami for the Sosa Cartel, and The Butcher wants him dead. You're gonna love this: he lives in Tony Montana's old mansion in Miami Beach. Yeah that's right - Scarface, the legendary 80's drug lord. Anyway, you've got to hit the mansion, find a way in and then kill Ernesto Sosa. It won't be easy, the place is like a fortress. But you can do it. Oh yeah, I almost forgot - there should be a lot of money and other loot in that house. Steal it. Wipe them clean. But above all - kill Ernesto Sosa."
"heist_gallery","Картинна Галерея"
"heist_gallery_briefing","I don't know much about art, but I know what I like - and that is paintings that sell. We're headed back to the Gallery. The brochure talks about the cultural importance of art"""
"heist_gallery_crimenet","Bain wants you to head back to the Art Gallery.$NL;$NL;» Case the place carefully.$NL;» Check for guards and cameras$NL;» Bag the marked out paintings and get to the escape van"
"heist_gallery_hl","Картинна Галерея"
"heist_glace","Міст Грін"
"heist_glace_briefing","План простий: під покровом темряви, ми вдаримо по конвою коли вони перетинають Міст Грін. Насправді - ми підірвемо міст з вибухівкою. Це зупинить весь рух, чи не так? Ми заберемо в'язня, посадимо його на фултоновий небесний гак та зробимо так, щоб він розчинився у повітрі."
"heist_glace_crimenet","Ok, it's time to break this guy Kazuo out of prison so we can get the information he has on Kento. I engineered some ah... trouble... to get him transferred to another facility by convoy. We'll ambush that convoy and break the prisoner out. This isn't gonna be a quiet one, guys, we'll need to take extreme measures to stop the prison trucks. And, yeah, Kazuo doesn't know we're breaking him out, so boy is he in for a surprise!$NL;$NL;» Find the trucks$NL;» Saw the trucks open and find the prisoner$NL;» Escort the prisoner to the tower$NL;» Get the prisoner airlifted out$NL;» Escape"
"heist_glace_hl","Міст Грін"
"heist_haunted","Кошмар в криївці"
"heist_haunted_briefing","Тільки робота і ніяких розваг робить Вульф нудним хлопчиком. Тільки робота і ніяких розваг робить Вульф нудним хлопчиком.$NL;Тільки робота і ніяких розваг робить Вульф нудним хлопчиком. Тільки робота і ніяких розваг робить Вульф нудним хлопчиком.$NL;Тільки робота і ніяких розваг робить Вульф нудним хлопчиком. Тільки робота і ніяких розваг робить Вульф нудним хлопчиком.$NL;Тільки робота і ніяких розваг робить Вульф нудним хлопчиком. Тільки робота і ніяких розваг робить Вульф нудним хлопчиком.$NL;Тільки робота і ніяких розваг робить Вульф нудним хлопчиком. Тільки робота і ніяких розваг робить Вульф нудним хлопчиком.$NL;Тільки робота і ніяких розваг робить Вульф нудним хлопчиком. Тільки робота і ніяких розваг робить Вульф нудним хлопчиком.$NL;Тільки робота і ніяких розваг робить Вульф нудним хлопчиком. Тільки робота і ніяких розваг робить Вульф нудним хлопчиком.$NL;Тільки робота і ніяких розваг робить Вульф нудним хлопчиком. Тільки робота і ніяких розваг робить Вульф нудним хлопчиком.$NL;Тільки робота і ніяких розваг робить Вульф нудним хлопчиком. Тільки робота і ніяких розваг робить Вульф нудним хлопчиком.$NL;Тільки робота і ніяких розваг робить Вульф нудним хлопчиком. Тільки робота і ніяких розваг робить Вульф нудним хлопчиком.$NL;Тільки робота і ніяких розваг робить Вульф нудним хлопчиком. Тільки робота і ніяких розваг робить Вульф нудним хлопчиком.$NL;Тільки робота і ніяких розваг робить Вульф нудним хлопчиком. Тільки робота і ніяких розваг робить Вульф нудним хлопчиком.$NL;"
"heist_haunted_crimenet","Прокинься..."
"heist_haunted_hl","Кошмар в криївці"
"heist_hox","Втеча Гокстона"
"heist_hox_1_asset_armoredcar","Броньована Машина"
"heist_hox_1_briefing","The Dentist got Hoxton a re-trial. Uh, not you, Hox - I mean Old... Look, we'll sort out names later. The trial will be quick. With his record, he ain't gonna walk, but that's not the point. The point is he's moving, and we can hit him in transit. We're going to grab him right after the hearing. A nice little screw you"" to the US justice system.$NL;$NL;The plan is as loud as it gets: we blast a wall in the courthouse"
"heist_hox_1_hl","The Breakout"
"heist_hox_2_asset_hooverbuilding","The Destination"
"heist_hox_2_briefing","Що ж, парубки, дякую що звільнили мене. Але я там не мав бути з самого початку. Хтось мене підставив. Я в цьому впевнений. У федералів забагато інформації не мене. Набагато більше, чим ці шмаркаті дрочери могли накопати на мене. Хтось мене здав. І я дізнаюсь хто це. $NL;$NL;Це не буде просто. Не будемо крутитись на одному місці, так? Ніяких тіньових згод та контактів, чи схожого сміття. Ми йдемо на саме джерело. Найбільше гніздо ФБР. Знайдемо, хто мене кинув."
"heist_hox_2_hl","Пошук"
"heist_hox_3","Помста Гокстона"
"heist_hox_3_alarm","FBI Safe House Alarm box"
"heist_hox_3_briefing","Alright. Finally, we're going after the rat - the fink who screwed Hox, wants to screw us all. Time to put him down. We know he's currently bunkering down in an FBI safe house outside the city. These safe houses are usually built along the same lines. Nice big houses, grounds, 24 hour security, and most likely a panic room somewhere inside. See where your tax dollars go? The plan is simple - get in there, find our informer and finish him. Now, I'm betting there'll be evidence against us in there too, so be good to clean that up too."
"heist_hox_3_crimenet","The Feds have moved the rat to a safe house. They do a great job hiding his identity, but not his location. Silly pricks. So we drive out there, get in and put him down.$NL;$NL;» Scope the safe house and find a way in$NL;» Deal with any security $NL;» Locate the rat $NL;» Eliminate the rat $NL;» Remove any evidence"
"heist_hox_3_hl","The Revenge"
"heist_hox_crimenet","The Dentist got Hoxton a re-trial. We're going to grab him right after the hearing. The plan is as loud as it gets: we blow up a wall, grab Hoxton and get him the hell out.$NL;$NL;» Free Hoxton$NL;» Take Hoxton to the armored truck$NL;» Escort the armored truck with Hoxton in it$NL;» Escape with Hoxton"
"heist_hoxton_1","Ye olde hoxton"
"heist_hvh","Проклятий тир"
"heist_hvh_briefing","KILL, KILL, KILL, SAFE, KILL, KILL, KILL$NL;KILL, KILL, KILL, SAFE, KILL, KILL, KILL$NL;KILL, KILL, KILL, SAFE, KILL, KILL, KILL$NL;KILL, KILL, KILL, SAFE, KILL, KILL, KILL$NL;MAAAAAAAAASK!!!!!!$NL;KILL, KILL, KILL, SAFE, KILL, KILL, KILL$NL;KILL, KILL, KILL, SAFE, KILL, KILL, KILL$NL;KILL, KILL, KILL, SAFE, KILL, KILL, KILL$NL;KILL, KILL, KILL, SAFE, KILL, KILL, KILL$NL;KILL, KILL, KILL, SAFE, KILL, KILL, KILL$NL;KILL, KILL, KILL, SAFE, KILL, KILL, KILL"
"heist_hvh_crimenet","Тік-так, маленькі грабіжники, тік-так ..."
"heist_hvh_hl","Проклятий тир"
"heist_jewelry_store","Ювелірний магазин"
"heist_jewelry_store_briefing","This town is a great place to fence jewelry. Easy to move. Diplomats and trophy wives buying it - no questions asked. This is going to be cake. Let's get going."
"heist_jewelry_store_crimenet","Bain wants you to do a classic jewelry heist. Get in, grab the loot, and get out.$NL;$NL;» Locate the jewelry store$NL;» Check the back office for a safe$NL;» Bag and get the jewelry to the escape car$NL;» Steal any other valuables in the store"
"heist_jewelry_store_hl","Ювелірний магазин"
"heist_jolly","Aftershock"
"heist_jolly_briefing","Hey, you guys see the news?! Big quake just hit the West Coast! LA is completely messed up. And that's where you're headed.$NL;$NL;Seems Vlad has set up some big deal to move some freight from Seattle to DC. The shippers he contracted were in LA when the quake hit - I guess they were going to ship out of Long Beach. Vlad wants his freight secured safely. No time for planning on this one. LA is wrecked, and the roads are messed up so we're going to drop you in by chopper."
"heist_jolly_crimenet","I've struck a deal with the biggest syndicate on the west Coast, selling their safes on the east Coast. Unfortunately, first shipment of safes ran into a little trouble - a fucking earthquake! Can you believe that!? Get out there, ensure those safes are recovered. Fuck California.$NL;$NL;» Find Vlad's trucks$NL;» Open the trucks$NL;» Get the safes out"
"heist_jolly_hl","Aftershock"
"heist_kenaz_briefing","This is a big job. I'll talk you through it as we go, but the skinny is this: the Golden Grin has a big vault. Big. I mean Benevolent Bank big. Whether you sneak in, or go full assault, you're in for a tough time. The Dentist won't say what we're lifting out of there. Being very cagey about that. He just said that once we're done, we're done. The contract is fulfilled... whatever that means."
"heist_kenaz_crimenet","Казино Ґолден Ґрін в Лас-Вегасі має здобич, яку потрібна Дантисту. Дістаньте це для нього. $NL;$NL;» Використовуйте Планування щоб обрати гучний чи тихий підхід$NL;» Зайдіть в казино$NL;» Дотримуйтесь свого плану $NL;» Знайдіть спосіб потрапити до сховища $NL;» Заберіть таємничу здобич для Дантиста"
"heist_kenaz_e3","Golden Grin Casino E3"
"heist_kenaz_full","Казино Ґолден Ґрін"
"heist_kenaz_hl","Казино Ґолден Ґрін"
"heist_kosugi","Тіньовий Рейд"
"heist_kosugi_briefing","Вся справа в скритності. Ґейдж хоче, щоб ви безшумно увійшли в цей склад, взяли все, що зможете, і вийшли звідти. Що найважливіше? НЕ вмикайте сигналізацію. Якщо ви це зробите, я вас витягну.$NL;$NL;Цей склад - Murkywater. На їхніх візитівках написано «приватна охорона», але насправді це просто приватна армія найманців і мародерів. Цей склад під заставою, і Ґейдж підозрює, що він повний речей, привезених з Іраку, Афганістану та інших місць, де ці вигодувані кукурудзою шахраї грають м'язами. "
"heist_kosugi_crimenet","Murkywater has a bonded warehouse down at the old wharf. See what sort of crap they're shipping back.$NL;$NL;» Break into the warehouse undetected$NL;» Steal anything valuable you can find$NL;» Remember, there is no plan B$NL;» Escape with the loot"
"heist_kosugi_hl","Тіньовий Рейд"
"heist_lucid","Пошук"
"heist_lucid_hl","Пошук"
"heist_mad","Точка Кипіння"
"heist_mad_briefing","Of all the times to grow a conscience, you decide now is the time? I can't say I like it, but I can't say you are making a mistake either. Based on what this Jimmy character is telling us, Akan really needs to be stopped. Your destination is a lumber mill in the middle of nowhere, that is secretly a laboratory run by a strange Russian organization. Jimmy tells me they are conducting some experiments that involve things out of this reality. Break into the lab and get the data Akan is after. Good luck, gang."
"heist_mad_crimenet","This dirty Russian organization is conducting some very disturbing experiments from a hidden laboratory in Russia. You won't believe what shit they're doing over there. We need to fuckin' stop Akan from getting his hands on the data, yeah? It's do or die, boys and girls.$NL;$NL;» Enter the compound$NL;» Gain access to the lab$NL;» Obtain the data$NL;» Escape"
"heist_mad_hl","Точка Кипіння"
"heist_mallcrasher","Торгівельна Дробарка"
"heist_mallcrasher_briefing","Так. Ви почули його правильно. Влад серйозно. Ми йдемо до торгівельного центру та руйнуємо все, що можемо. Як тільки достатньо знищимо майна, клієнт має переосмислити свою позицію щодо грошей за захист. Брудна робота, але вам подобається забруднитись, чи не так?"
"heist_mallcrasher_crimenet","Vlad wants Mr. Stone to pay him for protection. To show that he means business, he wants you to destroy Stone's mall.$NL;$NL;» Locate the mall$NL;» Damage and destroy everything$NL;» Take any valuables you can find"
"heist_mallcrasher_hl","Торгівельна Дробарка"
"heist_man","Під прикриттям"
"heist_man_briefing","The Taxman thought he was clever making a deal with a big corporation, but the information leaked, and now bigger sharks want in - all in. We have a complete, run-down building to ourselves, overlooking the deal. We've got a set-up installed. Alex will help with the crane. Scare the Taxman into his limo, shake him up, and he'll be sure to give us the server and the codes. When it's about $25,000,000, anything goes."
"heist_man_crimenet","The Taxman carries a server weighting far more than just a fortune. Connect me with the computer inside the building and I can transfer the data easily. Let's show him we mean business.$NL;$NL;» Get the Taxman's server$NL;» Extract the codes$NL;» Hack and transfer the data"
"heist_man_hl","Під прикриттям"
"heist_mex","Пограбування банку: Готівка
"
"heist_mex_briefing",""
"heist_mex_cooking","Border Crystals"
"heist_mex_cooking_briefing","You know the routine friends. Just keep cooking as long as you can and this will be a nice boost to our finances. I will assist you as much as I can. The Coyopas will not be happy to see you, and they've got help from my former colleagues at Murkywater, so you will have your hands full, but it will be worth it, yeah?"
"heist_mex_cooking_crimenet","Friends, I've arranged a little way to make us another big pile of nice cash. You're going to do a little cooking, of the less-than-healthy kind. Those dwankies in the Coyopa Cartel have a nice meth lab set up in their compound, just south of the border, for us to borrow"" for a bit. $NL;$NL;» Enter the compound$NL;» Find the meth lab$NL;» Find the ingredients$NL;» Cook meth$NL;» Escape"""
"heist_mex_cooking_hl","Coyopa Compound"
"heist_mex_crimenet","Valuable Murkywater assets are being moved off the continent through Mexico using a hidden tunnel by the Overkill MC and Coyopa cartel. If we move quickly, we can take those resources right from under their noses while the Dentist is occupied with Bain, and deal them a crippling blow.$NL;$NL;» Infiltrate Overkill MC's facility in Arizona$NL;» Find the tunnel to the Coyopa compound in Mexico$NL;» Steal the Murkywater loot and escape"
"heist_mex_hl","Southern Border"
"heist_mex_transition","SOMEWHERE IN MEXICO..."
"heist_mia","Гаряча лінія Маямі"
"heist_mia_1_briefing","The Dentist has sent us after a Russian mobster, calls himself the Commissar. He's got criminal interests all over the East Coast, including this motel down at the heights. We don't know where he is, so you need to apply a little pressure. We've dropped him a hotline to us. Bust that place up as much as you can and he should call. And when he calls, we can trace him.$NL;$NL;We're doing this for Hoxton."
"heist_mia_1_hl","Гаряча лінія Маямі"
"heist_mia_2_briefing","We're using crates to get into the Commissar's place. Trojan horse style. His apartment is a cruddy dump in a crappy part of town. Security ain't great, but I'm sure he and his muscles have something in their back pocket. Objective is simple: find the Commissar and kill him. This is going to get loud, so dress to impress."
"heist_mia_2_hl","Four Floors"
"heist_mia_crimenet","My long-term plans require leverage over Washington's District Attorney. My hotline to him goes through a Russian, operating out of Miami. Your job is to eliminate this Russian. Draw him out by sabotaging his operations in D.C. I'd wish you luck, but luck has nothing to do with it.$NL;$NL;The Dentist wants you to take care of the Commissar.$NL;$NL;» Force the Commissar to call you$NL;» Trace the call$NL;» Infiltrate the Commissar's hideout and eliminate him"
"heist_moon","Stealing Xmas"
"heist_moon_crimenet","My brother-in-law, that useless piece of trash, was transporting some snow for me - Colombian snow, you know, for Christmas. But he fucked up and was followed by the cops. He was hiding at the Midtown Mall, but I think the cops got him. Fucking American cops, there's no Christmas spirit in this country! I'm a friendly guy, and Christmas is about forgiving, but this is not ok. Not ok! You have to help me, my friends. $NL;$NL;» Rescue Santa$NL;» Recover Vlad's coke $NL;» Steal the Christmas tree and escape"
"heist_moon_hl","Stealing Xmas"
"heist_moon_hl_briefing","Vlad's brother-in-law hid from the cops in the mall's loading bay. It seems he hid the coke in various boxes, boxes that have now been distributed to shops all over the mall. He also disguised himself in a Santa Claus costume and stole some vodka and got drunk. What a mess. The cops got suspicious of the drunk Santa and apprehended him. You'll need to free him and ask him if he remembers what boxes he put the coke in."
"heist_mus","Діамант"
"heist_mus_briefing","This is one of the big ones. We're going after a major prize - The Diamond. You're going to break into the McKendrick museum, get the stone, and get out. Sounds simple. Well, 'simple' doesn't always mean 'easy', and this ain't gonna be. So here are the 'simple' objectives. Break into the museum. Once you're in, check what security there is between you and The Diamond. Take it down. Once you have the stone, get out.$NL;$NL;This one is for The Dentist. He's the only one with the connections to move the most famous diamond in the world. I get the feeling he's been feeling us out so far. Seeing if we're up for a heist like this."
"heist_mus_crimenet","The Diamond is historic. It is also extremely valuable. The Dentist is one of the few people with the connections to move it. You will retrieve it for an anonymous individual who he represents.$NL;$NL;» Get inside the McKendrick museum$NL;» Find where the Diamond is kept$NL;» Steal the Diamond$NL;» Steal any other artifacts you find"
"heist_mus_hl","Діамант"
"heist_nail","Лабораторні Щури"
"heist_nail_briefing","We're working in the lab, late tonight,$NL;letting your eyes behold an eerie sight.$NL;Get cooking on the table,$NL;bubble and boil.$NL;And keep the cops from bringin',$NL;trouble and toil."
"heist_nail_crimenet","Trick or treat,$NL;smell my feet.$NL;Give me something to put on the street.$NL;If you don't,$NL;I don't care.$NL;Just don't cook in your underwear."
"heist_nail_hl","Лабораторні Щури"
"heist_nightclub","Nightclub"
"heist_nightclub_briefing","OK, we're going to pay a visit to the Tasteful club and uh, liberate their cash reserve. Nothing special. Find the manager's office, contain the crowd, make sure we leave in one piece.$NL;$NL;Oh, and there's probably rival Russian mobsters here. I know, Vlad is not being forthcoming with me either."
"heist_nightclub_crimenet","Vlad wants you to steal money from Dmitri's nightclub.$NL;$NL;» Locate the nightclub$NL;» Break into the safe in the office$NL;» Bag Dmitri's money and get it to the car"
"heist_nightclub_hl","Нічний клуб"
"heist_nmh","Ніякого Милосердя"
"heist_nmh_briefing","Our client needs a blood sample from a patient being kept in the isolation ward of Mercy Hospital. You gotta go in there, take out the surveillance, subdue the civilians and get me into the patient database so I can ID the guy. With the low security in this place, it should be a nice, clean job. I'll get you out via the roof when you're done. This job is a little shady, brokered through a third party- got some serious shadow-company military industrial vibes, but worth the risk. The payday is something we're gonna need in the future, plus a nice cash bonus."
"heist_nmh_crimenet","Bain only has a couple more days. Those Kataru motherfuckers saw fit to shoot him full of virus. Same fucking stuff we stole from Mercy Hospital a few years ago. Whoever we got it for, they sold it to Murkywater and now it's killing him. Knew from the start that was a bad job. Bain did too, but he wanted that Cagliostro manuscript. That fucking book. Should have told him to fuck off, but he said we really needed it for something, and to be honest, we'd never be where we are without it.$NL;$NL;»Keep the civilians under control$NL;»Find the correct patient$NL;»Escape with two validated blood samples"
"heist_nmh_crimenet_hl","Ніякого милосердя"
"heist_nmh_hl","Ніякого милосердя (Спогад)"
"heist_pal","Фальсифікація товару"
"heist_pal_briefing","Welcome to the sunshine state! Where the women are gold diggers and the men are crooks. Meet Mr. Mitchell: on the surface, a golf coach for a respectable country club. Under the surface, a professional money launderer and counterfeiter - a master criminal. Mitchell and his partner in crime, Wilson, have managed to stay under the radar literally making millions. Until now."
"heist_pal_crimenet","Пакуйте валізи, бандо. Ця робота знаходиться на півдні лінії Мейсона-Діксі. Ми йдемо за Мітчеллом та Вілсоном - купка фальшивомонетників з Пенсаколи. Мають свої печатну операцію в підвалі. Це стримана операція і кінцевий результат виглядає порядно, через що він робить серйозні гроші. Заберемо шматок!$NL;$NL;» Зустріньтесь з Мітчеллом$NL;» Вломіться до підвалу$NL;» Заберіть фальшивомонетні пластини та тікайте"
"heist_pal_hl","Фальсифікація товару"
"heist_pbr","Під Горою"
"heist_pbr2","Birth of Sky"
"heist_pbr2_briefing","Okay, here's the plan. Locke is going to have you smuggled onto the plane. Wait until you get his signal and burst out. Resistance should be light - just the crew. The money is packed into large pallets. Get them out of the cargo doors, and we'll collect them when they hit the ground. Simple."
"heist_pbr2_crimenet","The target is a Murkywater transport plane. It is carrying pallets of currency. You will be smuggled aboard. Drop the money from the plane and recover it.$NL;$NL;» Emerge into the cargo compartment$NL;» Open the cargo doors and release the money pallets$NL;» Skydive to the surface$NL;» Recover the money pallets in the town and signal Locke$NL;» Descend into the sewers and escape"
"heist_pbr2_hl","Birth of Sky"
"heist_pbr_briefing","Locke has us hitting a Murky facility out in the desert. Black Ridge. Was an old air force place, back in the day. Murkywater bought it up after the Cold War, turned it into their own Fort Knox, so you can bet they're holding some serious loot here. Not sure what to expect. Not much online, so we got little in the way of intel. One thing is certain though - you're not going to sneak through this one. Dress for loud."
"heist_pbr_crimenet","Ціль знаходиться в об'єкті Murkywater в пустелі. Вважайте це їхнім Форт-Ноксом. Ввірвіться туди та заберіть будь-яку здобич яку вони мають.$NL;$NL;» Отримайте активи залишені Локком$NL;» Пробивайтесь до внутрішнього комплекс$NL;» Відчиняйте сховища та забирайте здобич$NL;» Зустріньтесь з Локом$NL;» Знищте радари та тікайте"
"heist_pbr_hl","Під Горою"
"heist_pent","Майстер Гори"
"heist_pent_briefing","All right, you chops! This is a big one. We need to take out Yufu Wang. The kak is hiding at the top of the building, so getting to him won't be easy. But don't you worry, friends, there are lots of stashes to plunder up there. Everything you can get your hands on is yours, so you won't be left without. $NL;$NL;Shayu has an insider helping us out with tools and equipment, but one thing she can't do is get the elevator to the penthouse. It's monitored by an offsite guard and can't be hacked to go to the top floor. So, you'll need to hook up zip lines and fly to the top, soos 'n poep innie bad."
"heist_pent_crimenet","Many of us in the Golden Dagger's inner circle are unhappy with how Yufu Wang has handled himself lately. It's time for the old man to retire. Eliminate him and steal his hard drive. It contains invaluable information, vital for my takeover. As for your payment—Wang has a substantial gold reserve in his penthouse. It's yours. $NL;$NL;» Infiltrate the building and gain access to the Penthouse$NL;» Steal the hard drive$NL;» Eliminate Yufu Wang$NL;» Steal the gold and escape"
"heist_pent_hl","Майстер Гори"
"heist_peta","Goat Simulator"
"heist_peta2","Goat Simulator"
"heist_peta2_briefing","Okay, I think the worst is behind us. Vlad's driver got the goats to a farm outside the city, ready to perform the extraction of the packages. Stick around. Watch the perimeter. Easy work, right?"
"heist_peta2_crimenet","Vlad's driver got the goats to a farm outside the city. Snap on your gloves - time for some dirty work. $NL;$NL;» Make sure the product is secure$NL;» Watch the perimeter$NL;» Leave the area and escape"
"heist_peta2_hl","Брудна праця"
"heist_peta_briefing","This Honduran cartel has a truck moving its product through Downtown. Vlad has arranged to have it hit. We're on clean-up. We go in afterwards, make sure the product gets out. Boots on the ground, you know? "
"heist_peta_crimenet","Hector's death left a vacuum in the powder trade. Nature abhors a vacuum. Fucking abhors it! There's muck-fuckers crawling in from everywhere. Bunch of Hondurans are trying to spread. Let's hit them before they can take root. Break up their smuggling ring. Steal their product. What can go wrong?$NL;$NL;» Locate the goats$NL;» Secure the goats$NL;» Escape"
"heist_peta_hl","This was not the deal"
"heist_pex","Сніданок в Тіхуані"
"heist_pex_briefing","Hajrudin is being held in the outskirts of the city. But Tijuana's murder rate is infamous, and the police station security level reflects that. It's a blerrie fortress! This won't be easy, but if anyone can do it, it's you guys. Good luck!"
"heist_pex_crimenet","Vlad's brother-in-law, Hajrudin, has been captured by the Mexican kerels. Apparently it happened right after that bank job we did. They moved him to a police station in Tijuana, and it seems they're also holding evidence that can put him away in prison for a long time. We need to get him out.$NL;$NL;» Find a way inside the police station$NL;» Destroy the evidence$NL;» Locate and free the prisoner$NL;» Escape"
"heist_pex_hl","Сніданок в Тіхуані"
"heist_pines","White Xmas"
"heist_pines_briefing","We need you there fast, but it's really out in the sticks, so you're going in like the paras. Find the pilot - he's probably near the wreck - and then we'll send in a chopper to extract him. Stay with him til he's safely out. Also, Vlad says that plane was loaded with product. Search the forest and get as much out as you can. Can always use a little extra cash at Christmas."
"heist_pines_crimenet","Влад хоче щоб ви врятували його п'яного пілота та зібрали його продукт.$NL;$NL;» Знайдіть пілота$NL;» Оберігайте його і приведіть його до рятувального гелікоптера$NL;» Заберіть стільки кокаїну, скільки зможете"
"heist_pines_hl","White Xmas"
"heist_ranc","Midland Ranch"
"heist_ranc_briefing","This is our first job in the Lone Star state, so let's make a kiff impression, yeah?$NL;The intel Gemma wants is on a personal computer in the ranch house. Snag that first, then find the weapons and take out the workshop. $NL;Keep in mind: this Esteban guy's a paranoid chop, and that ranch is under tight security. On top of that, I hear the U.S. Marshals have their eyes peeled for us. Keep quiet if you can.$NL;Alright, let's show these Texans what we're made of!"
"heist_ranc_crimenet","A smuggler named Esteban Santiago's trying to push me off my turf. Time to push back. Esteban deals stolen gun prototypes out of Midland Ranch. I'll pay big money for 'em, and I'll pay you extra to take out his weapons workshop. Esteban ain't the sharpest tool in the shed, so I figure he's working for someone. You find intel on who? More cash for you. $NL;$NL;»Find intel on Esteban Santiago's employer$NL;»Steal the military weapon prototypes$NL;»Sabotage the weapons workshop"
"heist_ranc_hl","Midland Ranch"
"heist_random_skirmish","Random Holdout Heist"
"heist_rat","Варка"
"heist_rat_briefing","This is a simple job, but that doesn't mean it will be easy. We're going to head out to the forest. You remember the place. We did some work for Hector out there. Anyway, I scoped the place out and it is still intact. So, we're headed there to cook up as much meth as we can. You can stay as long as you want. If you run out of supplies, I'll get more flown in. Should be easy money."
"heist_rat_crimenet","We're headed back to cook in the meth lab in the forest. None of Hector's shit this time. This is just for profit. $NL;$NL;» Locate the meth lab $NL;» Cook meth $NL;» Secure the loot and escape."
"heist_rat_hl","Варка"
"heist_red2","Перший Світовий Банк"
"heist_red2_briefing","The vault is buried deep in the back of the bank. Getting through to it will be tough, but we have some help. An Inside Man is prepped and waiting for you. They're going to help us out once you're in there.$NL;$NL;You can do this loud, or you can take it softly. Up to you."
"heist_red2_crimenet","We've been eyeing the First World Bank for a while. Now it's time to pull the trigger. Get down there and relieve them of their ill-gotten gains.$NL;$NL;» Locate the manager$NL;» Get access to the server room$NL;» Force your way to the vault$NL;» Bag all the money and escape"
"heist_red2_hl","Перший Світовий Банк"
"heist_roberts","GO Банк"
"heist_roberts_briefing","We got a bank here. Not a big branch but I've learned the vault is temporarily holding stacks of cash in transit. Foreign exchange notes.$NL;$NL;Anyway, you know how to do it - your way. Sneak in silent, or unleash hell. Either way, I got a little idea for how to lift the money out of there. You'll see what I mean. I think you'll like it."
"heist_roberts_crimenet","Це класичне пограбування. Зламати сховище, спустошити депозитні скриньки і винести здобич. Все просто. За даними Бейна, у цьому відділенні найнижчий відсоток пограбувань у країні. Настав час це змінити.$NL;$NL;» Шукайте в приміщенні ключі від замків. Для сховища потрібні два$NL;» Якщо не вдасться, використайте бур в сховищі$NL;» Зламайте депозитні скриньки$NL;» Встановіть гак$NL;» Дістаньте гроші"
"heist_roberts_hl","GO Банк"
"heist_run","Вулична сутичка"
"heist_run_briefing","Ок, хлопці. Пам'ятайте з ким ви маєте справу. Локк не дуже довірча особа. У цьому є більше сторін ніж те, що він розповідає. Будьте насторожі."
"heist_run_crimenet","As you know, intelligence and information is my business. And I recently came across something important that concerns you. the Payday Gang. Someone is out to destroy you, possibly kill all of you. This morning I intercepted a message indicating that an agent of these people is meeting someone at a certain location downtown. I don't know yet who these people are, but as you know, I find you a valued asset, and so I want to help you apprehend this agent so you can squeeze information out of him. I'll give you the location and then keep an eye on you while you conduct the operation.$NL;$NL;» Find and apprehend the agent$NL;» Watch out for surprises"
"heist_run_hl","Вулична сутичка"
"heist_rvd","Пограбування “Скажені Пси”"
"heist_rvd1_briefing","I know you got little incentive to trust me after Alaska, but sending you there was the only credible ruse we had time for, to get you out of D.C. People Bain used to think could be trusted... were listening. And now he's gone. We knew something was going to happen but not when or what. Keeping you in the dark was my call, not Bain's. Never thought they would actually be able to go after him. Look I realise it's a kakspul to hear, but you got out with the guns I left, yeah? I'm sorry about Bain... we'll deal with it... but first we have to get you out of there. Please trust me guys, I'm not bekakin ya. I promise I'll prove it."
"heist_rvd1_hl","Морг Хайленд"
"heist_rvd2","Пограбування “Скажені Пси”"
"heist_rvd2_briefing","Ok, guys. Cabot's people will be waiting for you outside the store. From what he tells me, this should be quick and easy. Show these professional L.A. gangsters what the Payday Gang can do."
"heist_rvd2_crimenet","Bain has got a job available out west. The Cabot crime family in L.A. needs help hitting a jewelry store for a haul of diamonds. It's an easy walk-in-crack-vault-get-out sort of deal, with a meetup afterward in an old mortuary warehouse.$NL;$NL;» Meet up with Cabot's people outside the store$NL;» Break into the vault and steal the diamonds$NL;» Rendezvous with Cabot's people at the warehouse by Highland Mortuary$NL;» Gather the diamonds at the back of the warehouse$NL;» Wait for Twitch to arrive with the escape vehicle"
"heist_rvd2_hl","Garnet Group Boutique"
"heist_rvd_crimenet","Bain has got a job available out west. The Cabot crime family in L.A. needs help hitting a jewelry store for a haul of diamonds. It's an easy walk-in-crack-vault-get-out sort of deal, with a meetup afterward in an old mortuary warehouse.$NL;$NL;» Meet up with Cabot's people outside the store$NL;» Break into the vault and steal the diamonds$NL;» Rendezvous with Cabot's people at the warehouse by Highland Mortuary$NL;» Gather the diamonds at the back of the warehouse$NL;» Wait for Twitch to arrive with the escape vehicle"
"heist_safehouse","Сховище"
"heist_safehouse_briefing","The safe house is your home away from home, your fortress, your place of contemplation, the place where your money takes shape and form. The safe house gives you a place to sharpen your skills in a low-pressure environment. You'll be able to test out various weapons, mechanics like cracking safes and disarming cameras, admire the fat stacks of cash in your vault, and even purchase assets to make the place the envy of every crook from here to the White House."
"heist_safehouse_briefing_2","Welcome back to the safe house."
"heist_safehouse_crimenet","Bain has set you up with a safe house."
"heist_safehouse_hl","Сховище"
"heist_sah","Шаклторнський Аукціон"
"heist_sah_briefing","Ok, so we're going to Salem and steal the artifact from the fancy rich dwankie party, right before the auction starts, yeah? You're going in after dusk, and it's foggy and raining, so maybe try to do the whole thing quietly if you can. It's an old mansion, but the security systems are pretty solid, with many upgrades. Under the circumstances, the less attention we draw from the kerels, the better. But if you gotta go loud, then get it done chop chop."
"heist_sah_crimenet","The Elephant has sent us a tip about an old mansion in Salem, where an auction is being held that contains an artifact we need for the device in the kitchen.$NL;$NL;» Get past security and enter the mansion$NL;» Find the code and access the vault$NL;» Secure the artifact and escape"
"heist_sah_crimenet_hl","Auction Heist"
"heist_sah_hl","Шаклторнський Аукціон"
"heist_sand","Український в'язень"
"heist_sand_briefing","Ok you chops, we have to move quickly. Vlad's loyalty to us will only go so far, and if they break him it will leave us in a kakspul of trouble. Jiu Feng's insider at the docklands facility gave us a lot of intel. The place is set up for major surveillance, which we can use to our advantage. Once you find Vlad, our insider will help you move him. Jiu Feng has volunteered to get you out personally by boat. After we do this, that dwankie Ukrainian will owe us one, for sure!"
"heist_sand_crimenet","I've got something for you, right? My old boss Yufu Wang is coming after you and the triad has grabbed your associate, Vlad Kozak. Going to force your location out of him. They've brought back one of their top guys from Hong Kong to handle the interrogation, a piece of shit named Xun Kang, ruthless motherfucker, who has been running things on that side of the pond. They've got your man inside a shipping container in the San Francisco docklands. You're lucky I have a man inside, right?$NL;$NL;» Infiltrate the docklands$NL;» Find Vlad and escape"
"heist_sand_hl","Український в'язень"
"heist_short1","Флешка - Тихо"
"heist_short1_crimenet"," "
"heist_short1_nx64","Flash Drive"
"heist_short1_plan_nx64","Тихо"
"heist_short1_stage1","Тихо - Флешка"
"heist_short1_stage1_briefing","Dallas, old friend, I'm glad to have you back after two years. Now you already know I'm a thorough man, so it should come as no surprise that I want to get rid of any ring rust that might exist. Follow my instructions just like old times and this will be a walk in the park. We're after some access codes that we will be needing later, but we need to make it look like nothing but a simple robbery. You're doing this in the quiet, so dress appropriately."
"heist_short1_stage1_crimenet","Break into the Police storage compound and get your hands on some access codes we will need later."
"heist_short1_stage1_hl","Тихо - Флешка"
"heist_short1_stage2","Тихо - Стирання Історії"
"heist_short1_stage2_briefing","All right, Dallas. It's time to use those access codes we stole last night. Find a way inside the building - access the Police database and delete all the intel they have on Crime.net. This won't be a walk in the park, so show me you still got what it takes."
"heist_short1_stage2_crimenet","Break into the building - access the Police database and delete all the intel they have on Crime.net."
"heist_short1_stage2_hl","Тихо - Стирання Історії"
"heist_short2","Get The Coke - Loud"
"heist_short2_crimenet"," "
"heist_short2_nx64","Get The Coke"
"heist_short2_plan_nx64","Loud"
"heist_short2_stage1","Гучно - Здобути Кокаїн"
"heist_short2_stage1_briefing","Okay, Dallas. It's been two years since we worked together, and I need to see that you still got what it takes. We'll start with something simple, all right? An acquaintance of mine recently got robbed on a cocaine deal by some low-life mobster. I need to you to break into his night club and see if you can find the stolen cocaine and get it back. Easy, right? "
"heist_short2_stage1_crimenet","Okay, Dallas. It's been two years since we worked together, and I need to see that you still got what it takes. We'll start with something simple, all right? An acquaintance of mine recently got robbed on a cocaine deal by some low-life mobster. I need to you to break into his night club and see if you can find the stolen cocaine and get it back. Easy, right?"
"heist_short2_stage1_hl","Гучно - Здобути Кокаїн"
"heist_short2_stage2b","Loud - Plan B"
"heist_short2_stage2b_briefing","It's not over yet, Dallas! We picked up more heat than I expected and the cops are on your tail. Try to shake them before they close you off and things get hairy!"
"heist_short2_stage2b_hl","Loud - Plan B"
"heist_shoutout_raid","Meltdown"
"heist_shoutout_raid_briefing","We're hitting the Murkywater warehouse for Vlad. Don't know what the target is, or where it is, but it's tucked away in a vault, which itself is in one of their branded shipping containers. Get in there, find the vault and get out whatever it is that crazy Russki wants. $NL;$NL;Murkies will be on high alert when you get there, and the cops'll be quick to respond, so you gotta get in there and do the job fast. Fast means loud. No tiptoeing this one. It's safeties off from the get-go. And, don't forget, there's loot all around. See what you can grab."
"heist_shoutout_raid_crimenet","Я чув про те, як майстерно ви проникли до складу Murkywater. Вражає. Мені треба щоб ви повернулись туди. У цих найманців є 'дещо' сховане. Дещо, що мені потрібно. Мьоркі виїжджають, і мені це потрібно до того як це дещо зникне чорт знає де.$NL;$NL; » Проникніть до складу Murkywater $NL; » Знайдіть сховище $NL; » Заблокуйте вентиляцію в сховищі $NL; » Транспортуйте здобич до потяга"
"heist_shoutout_raid_hl","Meltdown"
"heist_skm_arena","Пограбування “Алессо”"
"heist_skm_arena_briefing","Most people pay to get into a concert. Today someone's going to pay to get out. We're taking a hostage and then pressing the kerels to pay for their release. Just keep cool and enjoy the music if you can, they will pay up if you hold your ground."
"heist_skm_arena_h1","Пограбування “Алессо”"
"heist_skm_bex","Банк Сан Мартін"
"heist_skm_bex_briefing","Друзі, час наступної роботи з заручником, цього разу в Мексиці. Цей банк в маленькому містечку ідеальне місце відбиватися від бовдурів та дивитись як підіймається викуп. Дивіться за заручником та тримайте фортецю стільки, скільки зможете."
"heist_skm_bex_h1","Банк Сан Мартін"
"heist_skm_big2","Великий банк"
"heist_skm_big2_briefing","We're going to the Benevolent Bank. This time we're not after the vault, we're going to take a hostage and watch the kerels smash themselves blood trying to rescue them. Keep your heads cool and we'll get a good payday out of this."
"heist_skm_big2_h1","Великий банк"
"heist_skm_cas","Казино Ґолден Ґрін"
"heist_skm_cas_briefing","Okay, friends. Time for another hostage negotiation. All friendly business, of course. This time we're hitting the Golden Grin Casino, so make sure you guard your chips and don't place your bets too high."
"heist_skm_cas_h1","Казино Ґолден Ґрін"
"heist_skm_mallcrasher","Торгівельна Дробарка"
"heist_skm_mallcrasher_briefing","Ей, хто хоче закупитись? В нас є завдання в торгівельному центрі, викуп якщо точно. Візьміть заручників та тримайте їх там настільки, наскільки ці бовдури почнуть нам платити. Я б хотів сказати, що це крадіжка в магазині... але ми крадемо не товар з самого магазину. Хай щасти!"
"heist_skm_mallcrasher_h1","Торгівельна Дробарка"
"heist_skm_mus","Діамант"
"heist_skm_mus_briefing","At one time a few years ago, a good friend of Bain's worked with a dealer in ancient artifacts operating out of the McKendrick Museum, named Sofia Clemens, who is a highly respected figure in D.C. historical circles. We have recently learned that Ms.Clemens has been gathering a huge collection of artifacts with the intent of selling them to a Russian oligarch. The plan is to hit the museum and take her hostage. The kerels and society types in D.C. will likely pay through the nose to keep her safe, and while you're keeping them busy I can arrange for the artifacts she was moving to conveniently 'disappear'."
"heist_skm_mus_crimenet","Locke wants you to take Sofia Clemens hostage to keep the cops busy while he can arrange for museum artifacts to conveniently 'disappear'.$NL;$NL;» Protect the hostage$NL;» Hold out for as long as you can$NL;» Negotiate the ransom$NL;$NL;"
"heist_skm_mus_h1","Діамант"
"heist_skm_random_briefing","OK, friends. It's time for us to branch out a little and secure some more paths of revenue for a rainy day. The kerels in this town are well-known to shell out rather handsome payments during hostage negotiations and we're going to try and exploit that little fact. Now, they're not going to pay out the juicy sums right away, so you gotta hold out and be patient as long as possible while I try to squeeze them for more. And remember, I won't able to negotiate both a nice big score and your release, so don't get caught, yeah?"
"heist_skm_random_h1","Random Heist"
"heist_skm_red2","Перший Світовий Банк"
"heist_skm_red2_briefing","Dallas got a tip that The First World Bank is trying to upgrade their security and are being visited by a representative from Frank Yaegar Safes. This guy has recently been consulting with several banks, security firms and other places recently to install a new wave of countermeasures to stop infiltration and hacking. This representative is a high-value target, with a lot of inside knowledge, so his company will likely pay a handsome reward to keep him safe, which is why we're going to grab him."
"heist_skm_red2_crimenet","Locke wants you to take the representative from Frank Yaegar Safes hostage. His insider information is valuable and taking him hostage will force the bank to switch back to their old security system.$NL;$NL;» Protect the hostage$NL;» Hold out for as long as you can$NL;» Negotiate the ransom$NL;$NL;"
"heist_skm_red2_h1","Перший Світовий Банк"
"heist_skm_run","Вулична сутичка"
"heist_skm_run_briefing","The kerels recently interrogated a prisoner that claims to have seen the face of Bain and can identify him. While we know it isn't true, the kerels don't, and neither do our rivals, so we're going to use the situation to gain some cash. Intercept the chop while they're transferring him to witness protection, near the old factory storage yard where that dumkop Matt crashed his car while trying to get away from us. Should give us a nice, juicy ransom."
"heist_skm_run_crimenet","Locke wants you to get the old factory storage yard and hold the escaped prisoner hostage.$NL;$NL;» Protect the hostage$NL;» Hold out for as long as you can$NL;» Negotiate the ransom$NL;$NL;"
"heist_skm_run_h1","Вулична сутичка"
"heist_skm_watchdogs_stage2","Вантаж на Човен"
"heist_skm_watchdogs_stage2_briefing","Mia Calienté is a real piece of work, friends. For years she's been the brains behind a drug operation aimed at getting college-level students hooked on her merchandise. Not too long ago, she took over that warehouse at the docks and is now using it as her main distribution point. The FBI have been conducting surveillance on her and she is a key figure of their investigation. We're going to get in there, grab her and take her hostage, right before they move on her. Since they can't afford to lose her, they will pay for her release, so as not to have wasted months of work."
"heist_skm_watchdogs_stage2_crimenet","Locke wants you to take Mia Calienté hostage right before the cops move on her.$NL;$NL;» Protect the hostage$NL;» Hold out for as long as you can$NL;» Negotiate the ransom$NL;$NL;"
"heist_skm_watchdogs_stage2_h1","Вантаж на Човен"
"heist_spa","Бруклін 10-10"
"heist_spa_crimenet","You're going to New York tonight. The Continental called - one of their key staff has been ambushed and is being held by unknown assailants at an address in Brooklyn. We have the location from a call he made just as they took him. The target's name is Charon. We need to get there fast, take out whoever's got him and send him back to the Continental safe and sound.$NL;$NL;» Locate Charon$NL;» Rescue Charon and protect him from the attackers$NL;» Get back what was stolen$NL;» Escape"
"heist_spa_hl","Бруклін 10-10"
"heist_spa_hl_briefing","Окей. Нумо витягнімо Шерона. Це особиста справа для мене, тож будьте пильними."
"heist_tag","Breakin' Feds"
"heist_tag_briefing","Now, we don't know exactly what we're after, beyond it being an object- it's probably one of those know-it-when-you-see it type things, but it's likely that Garrett has already taken it from Evidence and stashed it somewhere in his office. My contact inside said he's there and seems... distracted, so the meeting is definitely close. We've got to sneak in there now if we're going to have a chance of stealing the item from under him. It's important that we go in and stay quiet. And don't go killing Garrett- we're probably going to need that chop later."
"heist_tag_crimenet","The FBI have arrested the Elephant only to get an object in his possession, in order to trade it to the Kataru so that Commissioner Garrett can take the credit for ending Bain. The deal is taking place tonight, but we're going to break into the FBI and get the item first. $NL;$NL;» Make your way past security$NL;» Locate Garrett's office$NL;» Distract Garrett$NL;» Take the object from his possession and escape"
"heist_tag_crimenet_hl","Get some PAYDAY."
"heist_tag_hl","Breakin' Feds"
"heist_trai","Lost in Transit"
"heist_trai_briefing","If something's worth stealing, we'll find a way to steal it. We're not the types to shy away from a challenge. It's quite the blerrie challenge, though. This railyard's packed with freight wagons, so we'll need to find a shipping manifest. But after we bag the loot, we can't just drive away. Maybe the best way to rob a train is to steal the train. You follow me?$NL;Remember: things will go a lot smoother if the Army never knows we're here."
"heist_trai_crimenet","The Army's moving some new printing plates to a mint facility out West. Gonna use a railyard near Fort Worth to do it. We find their train and get those plates, we can just about name our price on the black market. But there's a snag. The Army's blocked every street for miles around, no way you can escape by road. I'll let you figure out the fix.$NL;$NL;» Locate the Army's freight train$NL;» Steal the printing plates$NL;» Escape the railyard"
"heist_trai_hl","Lost in Transit"
"heist_type_assault","Assault"
"heist_type_heist","Heist"
"heist_type_knockover","Knockover"
"heist_type_trade","Trade"
"heist_ukrainian_job","Українська справа"
"heist_ukrainian_job_briefing","Vlad really doesn't like this Dmitri guy. One of these old-country feuds. Maybe he shagged his sister or something. Anyway, let's help the man settle the score. We go for the tiara - back room from what I understand. Don't get the heat on you too early or your escape is going to be rough. Check your assets. Let's go."
"heist_ukrainian_job_crimenet","Help Vlad destroy the wedding of the rat who sent him to prison.$NL;$NL;» Locate the jewelry store$NL;» Find and steal the tiara$NL;» Steal any other valuables you find"
"heist_ukrainian_job_hl","Українська справа"
"heist_vit","The White House"
"heist_vit_briefing","Here we go, dear friends. The pardons we are looking for are most likely kept in the Presidential Emergency Operations Center, or PEOC as they call it, which is located under the White House. I couldn't get exact details- looks like they've seriously upgraded security, so we'll have to play this by ear. I'll be flying you in myself and you'll be wearing Murky uniforms to blend in a bit. Get in quiet if you can, go loud if you really need to. This one's for Bain. And maybe for us too, yeah?"
"heist_vit_crimenet","The Greatest Heist of All. What you've been training for. The fucking White House! Inside is the answer to all our problems, an important part of which is a set of documents- Presidential pardons, still legal and valid, but without any names on them! If you can get them, you'll be able to get off scott free and retire.$NL;$NL;»Make your way into White House$NL;»Enter the oval office$NL;»Retrieve the president's keycard$NL;»Enter the PEOC and open the vault$NL;»Steal the presidential pardons and escape"
"heist_vit_crimenet_hl","The White House"
"heist_vit_hl","Білий Дім"
"heist_watchdogs","Watchdogs"
"heist_watchdogs_1_briefing","На цьому завданні ми сторожові пси.$NL;$NL;Одягайте бронежилети та беріть великі пушки. Ми знаємо, що машини Гектора обстрілюють. Ви поїдете в кузові вантажівки. Дивіться, щоб кокаїн нікуди не дівся."
"heist_watchdogs_1_hl","Truck Load"
"heist_watchdogs_2_briefing","OK, you go to the harbor like we planned. Offload the coke from the pick-up. You'll need to signal Hector's boat in the warehouse to get him to come in. Once he's there, get the coke onboard and the boat driver will do the rest."
"heist_watchdogs_2_hl","Вантаж на Човен"
"heist_watchdogs_crimenet","Гектору потрібні наглядачі для транспортування кокаїну.$NL;$NL;» Сторожіть кокаїн у вантажівці$NL;» Адаптуйтесь під нові ситуації$NL;» Дістаньтесь до порту$NL;» Доставте товар водію човна"
"heist_welcome_to_the_jungle","Big Oil"
"heist_welcome_to_the_jungle_1_briefing","Слон дав нам місцезнаходження банди байкерів, які полюють за невеличким пристроєм вченого. Думаю, вони близькі до того, щоб знайти його - нам потрібна їхня інформація, щоб дістатися до вченого першими. Б'юся об заклад, вони тримають її у сейфі."
"heist_welcome_to_the_jungle_1_hl","Club House"
"heist_welcome_to_the_jungle_2_briefing","Що ж, я переглянув інформацію, і це має бути цікаво. Перевірте активи. Вивчіть їх з ніг до голови. Нам потрібно проникнути в лабораторію цього хлопця, а в лабораторії - його термоядерний двигун."
"heist_welcome_to_the_jungle_2_hl","Engine Problem"
"heist_welcome_to_the_jungle_crimenet","The Elephant needs a politically-disruptive invention dealt with.$NL;$NL;» Find more information about the inventor$NL;» Locate and steal the invention"
"heist_wwh","Alaskan Deal"
"heist_wwh_briefing","Локк попросив допомоги з охороною угоди зі зброєю в Алясці. Каже, що не очікує небезпеки, але на всякий випадок хоче надійної безпеки. Схоже, це може бути легка зарплата, якщо ви можете терпіти холод."
"heist_wwh_crimenet","Дорогі друзі, мені потрібна допомога для розвантаження деякої зброї. Я уклав угоду в Алясці, але мені треба супровід щоб транзакція була забезпечна, так?"
"heist_wwh_hl","Alaskan Deal"
"houston_desc_codex","Далласів брат може залишити маску Гокстона, але не ім'я. Банда PAYDAY дійшла консенсусу, що відтепер Новий Гокстон буде носити прізвисько Г'юстон. Це невелика ціна за те, щоб заспокоїти Гокстона і - якщо вже на те пішло - частково пробачити банді PAYDAY за те, що вони залишили його у в'язниці."
"hud_assault_survived","WAVE SURVIVED"
"job_mex","Перетин кордону"
"job_mex_cooking","Border Crystals"
"jowi_desc_codex","Джон був грізним кілером, відомим серед найбільших злочинних синдикатів. Після тривалого перебування в тіні Джон нещодавно з'явився і допоміг Чейнсу вийти з делікатної ситуації. Натомість Джон сказав, що йому потрібна команда. Як міг Чейнз відмовити? Він запросив його до Банди PAYDAY, щоб допомогти своєму старому другові. "
"message_got_chavez_keys","Got chavez keys!"
"rb14_drk_cbf_01_01","To get our hands on the EMP bomb, we're gonna have to mess with fuckin' Murkywater. They're transporting a bunch of goods via train, and will be making a scheduled stop at a hidden train yard. I, of course, would prefer to do it guns blazing, but that's too risky, yeah? So we need to this the stealthy way, lads.$NL;$NL;» Find the trains$NL;» Locate the EMP bomb parts$NL;» Get them out of there and escape"
"rb14_drk_outro_01_01","Smooth as silk, boys and girls! With the EMP bomb secured we now got what we need to breach the hidden facility. Mother Russia - here we come! "
"rb14_drk_outro_01_02","Fucking lovely, lads! With the EMP bomb secured we can breach the underground facility. It's time to go to mother fucking Russia!"
"rb14_drk_outro_02_01","Fuck, the alarm went off, but we made it. We good. Fucking Murkies won't know what hit them. Akan, however, will be mad as fuck. The thought of that kind of pleases me. "
"rb14_mad_cbf_01_01","This dirty Russian organization is conducting some very disturbing experiments from a hidden laboratory in Russia. You won't believe what shit they're doing over there. We need to fuckin' stop Akan from getting his hands on the data, yeah? It's do or die, boys and girls.$NL;$NL;» Enter the compound$NL;» Gain access to the lab$NL;» Obtain the data$NL;» Escape"
"rb14_mad_outro_01_01","We fuckin' did it, lads! We stopped that white-haired fucking freak from getting the data he was after. So, what do you say? What do you say? We burn it, yeah? Burn it straight to fuckin' hell!"
"russian_desc_codex","Dallas is experienced, cunning and methodical. He has no problem working as a part of a team but he isn't the social kind. He will carry out his part in a plan perfectly and expects everyone else to do the same. "
"spanish_desc_codex","As a teenager, Chains always got into trouble. After years of jumping between foster homes and juvenile institutions, he ended up in the military. There he became an excellent soldier."
