"--12f00d0145597481","Гелловін"
"--2ea01d11a8a82709","Never get into politics.$NL;$NL;The Payday Gang has rocked Washington to its very foundations, and a bugged conversation between two agents hints that a reckoning is just around the corner. $NL;$NL;Head to the Lost Tapes menu and steal this secret recording!"
"--35167927db02cf7b","Gamesight"
"--37d5d0da19d1f30f","Telemetry is completely anonymous and shows us how people play the game, which heists are the most popular, which objectives are too hard or too easy, things like that. This helps us make the game even better.$NL;$NL;Telemetry is optional, and you can disable it at any time in the Advanced options."
"--49559d23ba99741e","Lost Tape: Enemies Of The State"
"--6cc8ac044229f21d","Disable Telemetry"
"--6e16550488fe919c","Lost Tape: Keeping Up With The Garnets"
"--708aa69bf2189cb2","Gamesight"
"--7c224b921088cbc0","Decline and Close Game"
"--81297ba2c08fb8a3","Privacy Policy for Payday 2"
"--845e40442caaf833","Actions have consequences, even for the Payday Gang.$NL;$NL;As GenSec Industries faces a financial crisis, a wiretapped phone call reveals who has the most to lose...and who they'll blame for that loss.$NL;$NL;Head to the Lost Tapes menu and steal this secret recording!"
"--84e133afa4a8bf5f","A decade of PAYDAY 2?! How time flies! It's been a joy heisting with you all for these ten wonderful years, and to celebrate, we're bringing the Piggy Bank back in a big way!$NL;$NL;You'll find the Piggy in any heist on this event's CRIME.NET page. Usually hanging out near the beginning or end of the heist, on rooftops, and any wide-open spaces. Feed it Piggy Bucks to make it grow; you can earn a bag of Piggy Bucks after ten normal kills, five headshot kills, five Cash Blaster kills, or one kill with an Anniversary Weapon.$NL;$NL;The first bag of Piggy Bucks will awaken the Piggy Bank into Stage 1, and you can grow the Piggy all the way up to Stage 5. Whenever the Piggy levels up, it will reward your team with powerful buffs to keep those Piggy Bucks coming. But beware: leveling up will also spawn a terrifying new enemy...The Warthog! This special Dozer is a beast, but he's vulnerable to Anniversary Weapons. Remember that.$NL;$NL;When you've had your fill, break the Piggy Bank and then escape the heist alive.The larger the Piggy grew, the more bonuses you'll receive in cash, XP, loot drops, and Continental Coins. You can also earn more goodies through the 10th Anniversary Side Jobs!$NL;$NL;Now, get out there and make that Piggy proud!"
"--8cf42e9b5ebce968","Behind every threat is a bigger, more dangerous threat.$NL;$NL;Through routine audio surveillance in a D.C. prison, the survivor of an infamous shootout alludes to a mysterious foe targeting the Payday Gang. $NL;$NL;Head to the Lost Tapes menu and steal this secret recording!"
"af3ce5c76f891112","Діаманти вічні, але розум легко зламати.$NL;$NL;Прихований запис проливає світло на чвари між діамантовим магнатом і його сином, а також на те, як злочини Банди Payday довели їх обох до межі божевілля.$NL;$NL;Заходьте в меню Lost Tapes і викрадіть цей таємний запис!"
"cacd98a9e4dda31a","Втрачена платівка: Погано Для Бізнесу"
"d01257ebc5921038","Телеметрія"
"d5ac68f1c2b3487c","Payday 2 10-а Річниця"
"dfaa13f9c9f5013a","Втрачена платівка: Співкамерники"
"dialog_a10th_event_text","Знищення спеціальних підрозділів створює повітряні кулі, які можна підстрелити, щоб дати всій команді бонус, який буде або прямим покращенням, або тимчасовим, залежно від того, який підрозділ знищено. Деякі підрозділи частіше створюють кулі, ніж інші. Одночасно може бути активним кілька бонусів."
"dialog_a10th_event_title","10-й Ювілейний захід"
"dialog_abort_mission_text","Ви впевнені, що хочете завершити поточний контракт?$NL;$NL;Ви та ваша команда будуть повернуті в фазу планування, де можна вибрати новий контракт."
"dialog_abort_weapon_color_customize","Ви впевнені, що бажаєте повернутися без застосування конфігурації?"
"dialog_accept","Прийняти"
"dialog_accept_changes","Ви бажаєте зберегти ці налаштування дисплея? Вони будуть повернуті в $TIME;."
"dialog_accept_changes_title","ПІДТВЕРДИТИ ЗМІНИ?"
"dialog_account_picker","Перемикання профілів може призвести до втрати незбереженого прогресу. Бажаєте продовжити?"
"dialog_age_restriction","Онлайн-сервіс відключено на вашому обліковому записі Sony Entertainment Network через обмеження батьківського контролю."
"dialog_allocate_skillpoint","Це розблокує $skill; навичку.$NL;$NL;Це коштуватиме $cost; і $points; з $remaining_points; очок."
"dialog_apply","Застосувати"
"dialog_are_you_sure_you_want_leave","Ви впевнені, що хочете вийти з цього лобі?"
"dialog_are_you_sure_you_want_leave_cs","Ви впевнені, що хочете покинути це лобі?$NL;$NL;Ваша злочинна діяльність буде призупинена, доки ви її не продовжите."
"dialog_are_you_sure_you_want_stop_cs","Ви впевнені, що хочете зупинити Серію Злочинів?$NL;$NL;Це закінчить вашу поточну Серію Злочинів, і жодна винагорода не буде надана."
"dialog_are_you_sure_you_want_stop_cs_refund","Ви впевнені, що хочете зупинити Серію Злочинів?$NL;$NL;Це завершить поточну сферу, і жодна винагорода не буде видана вам. Ваша початкова інвестиція з $coins; Континентальні Монети будуть повернуті до вас."
"dialog_are_you_sure_you_want_to_clear_progress","Ви впевнені, що хочете очистити свій прогрес? Це скине вашу готівку, рівень репутації та ваш інвентар."
"dialog_are_you_sure_you_want_to_leave_game","Ви дійсно хочете покинути поточну гру?"
"dialog_are_you_sure_you_want_to_leave_game_crime_spree","Ви впевнені, що хочете покинути поточну гру?$NL;$NL;Це призведе до того, що ваша гра Crime Spree завершиться невдало, і ви повинні заплатити, щоб продовжити її або отримати нагороди у лобі Crime Spree."
"dialog_are_you_sure_you_want_to_quit","Ви впевнені, що хочете вийти?"
"dialog_are_you_sure_you_want_to_reset_statistics","Ви точно хочете скинути статистику?"
"dialog_ask_load_progress_backup_corrupt","Прогрес профілю пошкоджений. Завантажити з резервної копії? Обравши НІ видалиться ваш прогрес."
"dialog_ask_load_progress_backup_low_lvl","Ваше локальне резервне копіювання новіше, ніж збереження в хмарі.$NL;$NL;Натисніть ТАК, якщо ви хочете завантажити локальну резервну копію."
"dialog_ask_load_progress_backup_wrong_version","Прогрес профілю неправильної версії. Завантажити з резервної копії? Обравши НІ видалиться ваш прогрес."
"dialog_ask_save_progress_backup","Зберегти резервну копію?"
"dialog_assets_buy_title","Ви впевнені?"
"dialog_authentication_fail","Steam не вдалося автентифікуватись з вашим Steam ID."
"dialog_authentication_host_fail","Steam не зміг автентифікувати Steam ID для хоста."
"dialog_blackmarket_abort_mask_warning","Ваша маска не була закінчена. В разі відмови маска залишиться незмінною."
"dialog_blackmarket_assemble_item","Ви дійсно хочете з'єднати $item, маску та розмістити її в інвентарі?$NL;$NL;$num_in_inventory;"
"dialog_blackmarket_buy_item","Ви дійсно бажаєте придбати $item;?$NL;$NL;Це буде коштувати вам $money;.$NL;$NL;$num_in_inventory;"
"dialog_blackmarket_buy_mask_slot","Купівля цього слота розблокує ще одну маску.$NL;$NL;Це коштуватиме вам $money;."
"dialog_blackmarket_buy_weapon_slot","Купівля цього слота розблокує ще одну зброю.$NL;$NL;Це коштуватиме вам $money;."
"dialog_blackmarket_finalize_item","$ITEM;$NL; Ви збираєтеся завершити кастомізацію, цей процес незворотній і буде коштувати вам $money;."
"dialog_blackmarket_item","$item;"
"dialog_blackmarket_lost_mods_warning","(Ваші видалені модифікації будуть розміщені в інвентарі)"
"dialog_blackmarket_mask_sell_mod_readded","$mod; повернеться до вашого інвентарю."
"dialog_blackmarket_mod_add","Ви збираєтеся додати модифікацію $mod; на свою зброю."
"dialog_blackmarket_mod_conflict","Ці модифікації несумісні та будуть видалені:$mods;"
"dialog_blackmarket_mod_cost","Це буде коштувати вам $money;."
"dialog_blackmarket_mod_remove","Ви збираєтеся зняти модифікацію $mod; зі своєї зброї."
"dialog_blackmarket_mod_replace","Це замінить вашу поточну модифікацію $mod;"
"dialog_blackmarket_num_in_inventory","У вас уже є $amount, $item."
"dialog_blackmarket_slot_item","[СЛОТ $slot;] $item;"
"dialog_blackmarket_slot_item_sell","Якщо ви це продасте, вам буде сплачено $money;."
"dialog_blackmarket_slot_mask_remove","Повернути цю маску назад до вашого сховища? $suffix;"
"dialog_blackmarket_slot_mask_remove_suffix","Кастомізація буде продана за $money;."
"dialog_bm_crafted_sell_title","Ви впевнені?"
"dialog_bm_mask_assemble_title","Ви впевнені?"
"dialog_bm_mask_custom_abort","Ви впевнені?"
"dialog_bm_mask_custom_final_title","Ви впевнені?"
"dialog_bm_mask_sell_title","Ви впевнені?"
"dialog_bm_weapon_buy_title","Ви впевнені?"
"dialog_bm_weapon_modify_title","Ви впевнені?"
"dialog_buy_weapon_message","Хочете придбати зброю ''$WEAPON;'' за $COST;?"
"dialog_buy_weapon_title","Купити"
"dialog_can_become_infamous_desc","Ви виконали умови для отримання наступного рангу Неслави. Щоб стати безславним, натисніть '$become_infamous_menu_item;' в інвентарі."
"dialog_cant_continue_cs_text","Ви не можете продовжувати свій злочин через нестачу континентальних монет. Для того, щоб продовжити роботу від $level;$BTN_SPREE_TICKET; вам потрібні $cost; Континентальні монети."
"dialog_cant_continue_cs_title","Це не можливо продовжити"
"dialog_challenge_warn_choose_reward","Це нагорода, яку ви хочете?$NL;$reward;"
"dialog_challenge_warn_choose_reward_title","Ви впевнені?"
"dialog_cheated_host","Не вдалося грати на сервері з чітами."
"dialog_connect_controller_text","Немає Бездротового Контролера, Будь Ласка Повторно Підключіть Контролер"
"dialog_connect_controller_text_NX64","Будь ласка, під'єднайте контролер до Nintendo Switch."
"dialog_connect_controller_text_WIN32","Будь ласка, під'єднайте контролер."
"dialog_connect_controller_text_X360","Будь ласка, повторно підключіть безпровідний контролер Xbox One та натисніть $BTN_A;."
"dialog_connect_controller_title","Немає бездротового контролера"
"dialog_connect_controller_title_NX64","Контролер від'єднано"
"dialog_connect_controller_title_WIN32","Без контролера"
"dialog_connect_controller_title_X360","Контролер від'єднано"
"dialog_connecting_inet_title_NX64","З'єднання..."
"dialog_connection_to_host_lost","Підключення до хоста втрачено"
"dialog_continue","Продовжити"
"dialog_continue_cs_text","Ви хочете продовжити свою Серію Злочинів?$NL;Це дозволить вам продовжити свою Серію Злочинів від $level;$BTN_SPREE_TICKET; щоб отримати ранги Серії Злочинів та накопичити більші нагороди.$NL;$NL;Це буде коштувати вам $cost; Континентальні Монети."
"dialog_continue_cs_title","Продовжити Серію Злочинів"
"dialog_creating_lobby_title","Створення гри"
"dialog_cs_cant_claim_rewards_text","У вас немає нагород, щоб отримати."
"dialog_cs_claim_rewards","Отримати нагороди"
"dialog_cs_claim_rewards_text","Ви впевнені, що хочете отримати нагороду за Серію Злочинів?$NL;$NL;Це закінчить ваше поточне лобі Серії Злочинів, і вам доведеться почати нову, щоб отримати винагороди."
"dialog_cs_crash_fail","Серія Злочинів Провалилася"
"dialog_cs_crash_fail_text","Ваша Серія Злочинів провалилася через несподіване закриття гри.$NL; Ви все ще можете заплатити Континентальні Монети, щоб продовжити."
"dialog_cs_ga_already_purchased","Вже придбано"
"dialog_cs_ga_already_purchased_text","Ви можете придбати лише один Gage Boost за одну місію Crime Spree."
"dialog_cs_ga_in_progress","Грабування В Процесі"
"dialog_cs_ga_in_progress_text","Покращення Ґейджа неможливо придбати після запуску місії."
"dialog_default_options_message","Ви хочете скинути всі параметри до стану за замовчуванням?"
"dialog_default_options_title","Скинути параметри"
"dialog_demo_info_text","Дякуємо за встановлення нашої демо!$NL;$NL;В цій демо-версії PAYDAY 2, ви можете підняти рівень персонажу до 10. Зверніть увагу, що збереження файлу для демо-версії не може бути перенесено до повної гри.$NL;$NL;Ми в команді OVERKILL сподіваємось, що вам сподобається ця демо. Якщо вам подобається те, що ви бачите, ви можете купити PAYDAY 2, де ви можете отримати більше рівнів через нашу систему Безчесті. У повній грі також більше контенту на кшталт більшої кількості пограбувань, зброї, масок і більше.$NL;$NL;- Команда OVERKILL"
"dialog_demo_info_title","Ласкаво просимо до демо PAYDAY 2!"
"dialog_dlc_require_restart","Попередження"
"dialog_dlc_require_restart_desc","Потрібно перезавантажити PAYDAY 2, щоб отримати доступ до нових предметів."
"dialog_does_not_own_heist","Ви не володієте цим пограбуванням та не можете приєднатися до цього сервера."
"dialog_does_not_own_heist_info","Пограбування ''$HEIST;'' не може бути відтворене з гравцем $PLAYER;."
"dialog_dropin_title","$USER; приєднується до гри"
"dialog_err_cant_join_from_game","Ви повинні вийти з поточної гри, перш ніж приєднатися до нової."
"dialog_err_failed_creating_lobby","Не вдалося створити гру."
"dialog_err_failed_joining_lobby","Не вдалося приєднатися до гри."
"dialog_err_failed_searching_lobbys","Помилка отримання ігор."
"dialog_err_not_signed_in","ВИ ПОВИННІ БУТИ В МЕРЕЖІ ЩОБ ВИКОРИСТОВУВАТИ РЕЖИМИ МЕРЕЖНОЇ ГРИ"
"dialog_err_not_signed_in_PS3","Для використання режимів мережі, увійдіть до 'Playstation Network''."
"dialog_err_not_signed_in_X360","Ви не ввійшли в Xbox Live, або у вас немає необхідних прав для доступу до функцій Xbox Live."
"dialog_err_room_allready_joined","Ви вже приєдналися до цієї кімнати."
"dialog_err_room_is_closed","Ця кімната закрита, будь ласка, спробуйте іншу."
"dialog_err_room_is_full","Ця кімната була сформована, будь ласка, спробуйте іншу."
"dialog_err_room_is_full_NX64","Ця кімната була сформована, будь ласка, спробуйте іншу."
"dialog_err_room_is_full_X360","Ця кімната була сформована, будь ласка, спробуйте іншу."
"dialog_err_room_no_longer_exists","Ця кімната більше не існує, будь ласка, спробуйте іншу."
"dialog_err_room_no_longer_exists_NX64","Ця кімната більше не існує, будь ласка, спробуйте іншу."
"dialog_err_room_no_longer_exists_X360","Ця гра більше не існує, будь ласка, спробуйте іншу."
"dialog_err_wrong_version_message","У грі, до якої ви намагаєтеся приєднатися, використовується інша версія PAYDAY 2. Ви не можете приєднатися."
"dialog_error_title","Помилка"
"dialog_external_items_prefix_desc","Спеціальні предмети були переміщені в ваш інвентар!"
"dialog_external_items_title","Новий імпортований трофей"
"dialog_fail_load_dlc_corrupt","Виявлено пошкоджений вміст завантаження. Будь ласка, зайдіть у розділ Пам'яті Панелі Інструментів, видаліть пошкоджений вміст і завантажте його знову."
"dialog_fail_load_game_corrupt","Файл збереження пошкоджено. Неможливо завантажити гру."
"dialog_fail_load_progress_corrupt","Прогрес пошкоджено. Тепер дані буде видалено."
"dialog_fail_load_progress_corrupt_retry","Не вдалося завантажити прогрес. Спробувати завантажити ще раз?"
"dialog_fail_load_progress_wrong_version","Версія системи прогрес-файлу неправильна. Версія $VERSION; або вищезазначена - необхідна. Дані тепер будуть видалені."
"dialog_fail_load_progress_wrong_version_WIN32","Неправильна версія прогрес-файлу. Дані буде видалено."
"dialog_fail_load_progress_wrong_version_retry","Неправильна версія прогрес-файлу. Версія $VERSION; або вищезазначена - необхідна. Спробувати завантажити ще раз?"
"dialog_fail_load_setting_corrupt","Файл налаштувань пошкоджено. Дані тепер будуть видалені."
"dialog_fail_load_setting_corrupt_retry","Пошкоджений файл налаштувань. Спробувати ще раз?"
"dialog_fail_load_setting_wrong_version","Файл налаштувань неправильної версії. Версія $VERSION; або вище - необхідна. Дані тепер буде видалено."
"dialog_fail_load_setting_wrong_version_WIN32","Файл налаштувань неправильної версії. Дані тепер буде видалено."
"dialog_fail_load_setting_wrong_version_retry","Файл налаштувань неправильної версії. Версія $VERSION; або вище - необхідна. Спробувати завантажити знову?"
"dialog_fetching_status_title","Оновлення онлайн-стану."
"dialog_gage_assignment_completed","From: Gage [gage@///REDACTED///]$NL;To: $player;$NL;Date: $date; $time;$NL;Subject: GAGE COURIER ASSIGNMENTS$NL;$NL;GOOD JOB!$NL;$NL;Well done, $player;. Thanks for collecting the packages. It's time to get your reward. Go to your inventory and you will find the content of the following packages:$NL;$completed;$NL;$NL;- Gage"
"dialog_gage_assignment_completed_title","У ВАС НОВЕ ПОВІДОМЛЕННЯ"
"dialog_game_is_installing","Не можна приєднатися до запрошення. Спробуйте ще раз, коли гра завершить встановлення."
"dialog_game_is_installing_menu","Ця частина заголовка ще не була встановлена. Будь ласка, спробуйте ще раз, коли встановлення буде завершено."
"dialog_game_permission_changed","Налаштування гри змінились, ви більше не маєте дозволу на приєднання"
"dialog_game_started","Наразі до гри не можна приєднатися"
"dialog_gamesight_telemetry_text","Перед початком ваших PAYDAY 2 пограбувань, ми хочемо проінформувати вас, що, граючи в гру, ви приймаєте нашу Політику Конфіденційності та нашу PAYDAY УГОДУ КОРИСТУВАЧА.$NL;$NL;Ми також хочемо знати, чи ви дозволите нам увімкнути відслідковування GAMESIGHT і ТЕЛЕМЕТРІЮ. Ці інструменти використовуються для збору інформації про гру.$NL;$NL; ТЕЛЕМЕТРІЯ абсолютно анонімна і показує, що люди грають в гру, які пограбування є найбільш популярними, які цілі занадто складні чи занадто прості, такі речі, як ці, допомагаючи нам зробити гру ще кращою.$NL;$NL; Gamesight говорить про те, як працюють маркетингові кампанії, що допомагає нам залучити нових гравців у PAYDAY 2, гарантуючи, що в наступні роки будуть нові гравці.$NL;$NL;Обидва необов'язкові, і ви можете відключити їх у будь-який час у розширених налаштуваннях."
"dialog_gamesight_telemetry_title","Ласкаво просимо до Payday 2!"
"dialog_gamesight_toggle","Увімкнути Gamesight"
"dialog_getting_world_list","Отримання світового списку"
"dialog_inactive_user_accepted_invite","Запрошення було прийняте неактивним користувачем. Запрошення успішно завершено після натискання START."
"dialog_inactive_user_accepted_invite_error","Запрошення прийнято неактивним користувачем. Запрошення буде проігноровано."
"dialog_infamous_info_desc","Ви не маєте того, що потрібно. Щоб стати безчестним, вам потрібно отримати рівень репутації $level; та сплатити плату за $cash; з вашого офшорного рахунку разом з вашими очками вміння та рештою ваших витрат готівкою."
"dialog_infamous_info_title","Безчестя"
"dialog_infamy_reseted_title","Зверніть увагу"
"dialog_infamysystem_reset","Changes have been made to the Infamy system.$NL;$NL;All rewards have been moved to a linear progression system. Any Infamy items you've unlocked previously will remain unlocked and available to you.$NL;$NL;Any experience boosts you've unlocked in the previous system that now is on a higher level than your current profile will be locked until you reach that level. Any item rewards or experience boosts that now lie below your current Infamy rank will automatically be unlocked.$NL;$NL;The skill point reductions available to the first 5 ranks of Infamy will now all be available on the first rank of Infamy."
"dialog_infamytree_reseted","Changes have been made to the Infamy tree.$NL;$NL;All your Infamy items have been reset and your Infamy points have been refunded."
"dialog_information_title","Інформація"
"dialog_internet_connection_required","A network connection is needed to access the online portions of this title."
"dialog_item_list_macro","$num;x $item;"
"dialog_join_pd2_clan","Go to PAYDAY 2 community page"
"dialog_joining_lobby_title","Joining game"
"dialog_key_binding_collision","Key ''$KEY;'' is already mapped to ''$MAPPED;'', please remap it first."
"dialog_key_binding_forbidden","Key ''$KEY;'' is reserved by the game, please try something else."
"dialog_leaving_lobby_title","Leaving game"
"dialog_license","Read End User Licence Agreement"
"dialog_license_policy_text","Before starting your PAYDAY 2 heists, we want to inform you that by playing the game, you are accepting our PRIVACY POLICY and our PAYDAY END USER LICENSE AGREEMENT."
"dialog_load_wrong_user","Save data belongs to a different user. No progress will be saved and trophies cannot be unlocked."
"dialog_load_wrong_user_WIN32","Save data belongs to a different user. No progress will be loaded."
"dialog_logging_in","Logging in"
"dialog_mission_asset_buy","$asset_desc;$NL;$NL;Вартість: $cost;."
"dialog_mp_disconnected_internet","YOU HAVE BEEN DISCONNECTED"
"dialog_mp_disconnected_internet_NX64","You have been disconnected from Nintendo Account. You must be connected to access the online portions of this title."
"dialog_mp_disconnected_internet_PS3","You have been disconnected from ''PlayStation Network''. You must be connected to access the online portions of this title."
"dialog_mp_disconnected_internet_X360","You have been disconnected from Xbox Live. You must be connected to access the online portions of this title."
"dialog_mp_groupinvite_message","Бажаєте приєднатися до $GROUP;?"
"dialog_mp_groupinvite_title","Game Request"
"dialog_mp_invite_join_message","Please join this game using the 'View Invites' option in the Crime.net menu."
"dialog_mp_invite_message","Please Join my PAYDAY 2 Game"
"dialog_mp_invite_message_NX64","$FRIEND; : Please Join my PAYDAY 2 Game"
"dialog_mp_invite_title","PAYDAY 2"
"dialog_mp_invite_wrong_room_message","Гра, до якої ви були запрошені, більше не існує. Ви не можете приєднатися."
"dialog_mp_invite_wrong_version_message","The game you have been invited to is running another version of PAYDAY 2. You are unable to join."
"dialog_mp_kick_player_message","Гравця $PLAYER; буде вигнано з гри. Бажаєте продовжити?"
"dialog_mp_kick_player_title","Вигнати гравця"
"dialog_mp_kicked_out_message","Вас вигнали з гри."
"dialog_mp_kicked_out_title","Викинуто"
"dialog_mp_no_invites_message","You have no game invites."
"dialog_mp_pending_invite_message","YOU HAVE A PENDING GAME INVITE. SIGN IN TO ''PlayStation Network'' USING THE 'PLAY ONLINE' OPTION IN THE MAIN MENU TO JOIN THE GAME."
"dialog_mp_pending_invite_short_message","YOU HAVE A PENDING GAME INVITE."
"dialog_mp_restart_level_host_message","Are you sure you want to restart?"
"dialog_mp_restart_level_message","Are you sure you want to create a vote for restarting?"
"dialog_mp_restart_level_title","Перезапустити"
"dialog_mp_send_invite_message","Do you wish to send a game invite to $FRIEND;?"
"dialog_mp_send_invite_title","Send game invite"
"dialog_mp_vote_kick_message","Було ініційовано голосування за вигнання $name; з гри. Голосування завершиться через $time; секунд."
"dialog_mp_vote_kick_response_title","Vote Kick"
"dialog_mp_vote_kick_unknown_message","A vote has been initiated to kick someone currently connecting. The vote will end in $time; seconds."
"dialog_mp_vote_restart_message","A vote has been initiated to restart. The vote will end in $time; seconds."
"dialog_mp_vote_restart_response_title","Vote Restart"
"dialog_new_patch","An update is needed to access online features."
"dialog_new_player_text","If you're new to heisting, Career Mode is a great way to get a hang of how the Payday Gang does business."
"dialog_new_player_title","Your Heisting Career"
"dialog_new_unlock_armors","Your first armor upgrade has been unlocked. You can change your armor from both Inventory and Job Overview."
"dialog_new_unlock_colors","You just got your first pair of colors for mask customization.$NL;To customize a mask you will need a material, pattern and a pair of colors."
"dialog_new_unlock_masks","You just got your first mask. All masks dropped will be placed in your stash. They can then be moved to an empty mask slot from where you can wear them and also customize if you got all the components for it."
"dialog_new_unlock_materials","You just got your first material for mask customization.$NL;To customize a mask you will need a material, pattern and a pair of colors."
"dialog_new_unlock_primaries","$value; has been unlocked and can be purchased into one of your empty primary weapon slots."
"dialog_new_unlock_secondaries","$value; has been unlocked and can be purchased into one of your empty secondary weapon slots."
"dialog_new_unlock_textures","You just got your first pattern for mask customization.$NL;To customize a mask you will need a material, pattern and a pair of colors."
"dialog_new_unlock_title","Congratulations!"
"dialog_new_unlock_weapon_mods","You just got your first weapon modification. You can access the weapon modification screen by selecting a bought weapon and choosing MODIFY WEAPON from the menu.$NL;Follow the exclamation marks on your bought weapons to find your latest drops."
"dialog_no","НІ"
"dialog_no_chat_parental_control","CHAT IS DISABLED ON YOUR Sony Entertainment Network Account DUE TO PARENTAL CONTROL RESTRICTIONS."
"dialog_no_connection_to_game_servers","Connection to game servers could not be established."
"dialog_npcommerce_browse_fail","COULD NOT OPEN PlayStation®Store"
"dialog_npcommerce_checkout_fail","Checkout failed"
"dialog_npcommerce_empty_store","There is no content available for download at this time. Please try again later."
"dialog_npcommerce_fail_open","FAILED INITIALIZING PlayStation®Store"
"dialog_npcommerce_need_install","To play the full version, you will need to restart the game after the installation is completed."
"dialog_npcommerce_opening","INITIALIZING PlayStation®Store"
"dialog_ok","Ок"
"dialog_on_server_left_message_cs","$message;$NL;Your Crime Spree is still active, but your rank has not changed.$NL;$NL;You will now be returned to the main menu."
"dialog_parental_control","Онлайн-сервіс відключено на вашому обліковому записі Sony Entertainment Network через обмеження батьківського контролю."
"dialog_pda9_event_text","Payday 2 is celebrating an anniversary! You know what that means...PIGGY BANK STUFF!$NL;$NL;You'll find the Piggy Bank in any heist on this event's Crime.net page. Usually hanging out near the beginning or end of the heist, on rooftops, and any wide-open spaces. Pay the Piggy as many Piggy Bucks as you can to make it grow, then break the Bank and escape to earn a ton of XP! The Piggy can grow up to five stages, based on how much you pay it. The bigger the Piggy, the more XP you'll earn!$NL;$NL;But where can you find Piggy Bucks, you ask? Easy! Kill enemies with headshots or the Cash Blaster to make them drop those shiny golden bags. You can earn them through normal kills as well, but they'll appear much less often. The Piggy Bucks will disappear if you don't grab them after ten seconds, so move fast!$NL;$NL;There's no limit to the number of times you can play a Piggy heist, and when it's complete, your total XP is doubled. Plus, you can earn even more XP through Piggy-related Side Jobs.$NL;$NL;Now, get out there and make that Piggy proud!"
"dialog_pda9_event_title","Payday 2 9th Anniversary"
"dialog_privacy","Read Privacy Policy"
"dialog_remove_dead_peer","Connection to one or more players could not be established."
"dialog_repair_weapon_message","Do you want to repair weapon ''$WEAPON;'' for $COST;?"
"dialog_repair_weapon_title","Repair"
"dialog_request_timed_out_message","Закінчився термін дії запиту на приєднання до гри"
"dialog_request_timed_out_title","Timed out"
"dialog_require_dlc_gage_pack_jobs","Requires Gage Mod Courier DLC!"
"dialog_requires_steam_overlay","This requires the Steam Community Overlay. Please ensure that in-game Steam Community is enabled and restart the game to use this feature."
"dialog_respec_skilltree","You are about to respec this skill tree.$NL;$NL;Doing a respec resets all skill points in the $tree; skill tree."
"dialog_retrieving_servers_title","Retrieving games"
"dialog_return_to_cs_lobby","Are you sure you want to return to the Crime Spree lobby?"
"dialog_reward_failed_title","Отримати нагороди"
"dialog_safehouse_goto_text","Do you want to go to your safe house?"
"dialog_safehouse_text","You haven't visited the safe house yet. Would you like to go there now?"
"dialog_safehouse_title","Safe house"
"dialog_save_settings_failed","Saving operation failed"
"dialog_sbzacc_drop_name","Starbreeze Nebula"
"dialog_show_restart_game_message","Ви впевнені, що хочете почати поточне пограбування з початку?"
"dialog_signin_change_NX64","A sign-in change occurred.$NL;You have been returned to the Title screen."
"dialog_signin_change_X360","A sign-in change occurred.$NL;You have been returned to the Title screen."
"dialog_signin_change_title_NX64","Sign-in change"
"dialog_signin_change_title_X360","Sign-in change"
"dialog_signin_question_NX64","In order to save, you must be signed into a profile. Do you want to sign in now?"
"dialog_signin_question_X360","In order to save, you must be signed into a profile. Do you want to sign in now?"
"dialog_signin_title_NX64","Not signed in"
"dialog_signin_title_X360","Not signed in"
"dialog_skills_place_title","Ти впевнений?"
"dialog_skills_reseted_title","Зверніть увагу"
"dialog_skills_respec_title","Ви впевнені?"
"dialog_skilltree_reseted","Changes have been made to the skill tree.$NL;$NL;All your skills have been reset and your skill points as well as your cash has been refunded."
"dialog_skip_signin_warning_NX64","Without signing in your progress will not be saved.$NL;$NL;Continue without saving?"
"dialog_skip_signin_warning_X360","Without signing in your progress will not be saved.$NL;$NL;Continue without saving?"
"dialog_skip_storage_warning_NX64","No storage device selected.$NL;If you proceed without selecting a storage device, you will not be able to save the game.$NL;$NL;Continue without saving?"
"dialog_skip_storage_warning_X360","No storage device selected.$NL;If you proceed without selecting a storage device, you will not be able to save the game.$NL;$NL;Continue without saving?"
"dialog_storage_removed_warning_NX64","Selected storage device has been removed. Your progress will no longer be saved"
"dialog_storage_removed_warning_X360","Selected storage device has been removed. Your progress will no longer be saved"
"dialog_telemetry_accept","$ACCEPT; Accept"
"dialog_telemetry_decline","$DECLINE; Decline"
"dialog_telemetry_question","We are collecting game data with the purpose of improving your game experience. Do you consent to this?"
"dialog_telemetry_title","Телеметрія"
"dialog_telemetry_toggle","Увімкнути телеметрію"
"dialog_texas_heat_drop_name","Texas Heat"
"dialog_the_host_has_left_the_game","The host has left the game"
"dialog_the_host_has_left_the_game_cs","The host has left the game. Your Crime Spree is still active, but your level has not changed.$NL;$NL;You will now be returned to the main menu."
"dialog_too_low_level","Your reputation is too low to join this server."
"dialog_too_low_level_ovk145","OVERKILL 145+ cannot be played with people below reputation level 145."
"dialog_tradable_drill_amount","$amount;x $item;"
"dialog_tradable_drills_converted","The following drills are being exchanged for safes of the same type. You will recive 1x safe for every 1x drill you have.$NL;Please stand by.$NL;$list;"
"dialog_transaction_successful","TRANSACTION SUCCESSFUL"
"dialog_unlock_infamyitem","You are about to unlock $item; item.$NL;$NL;It will cost $points; out of $remaining_points; points."
"dialog_unlock_skill_switch","You are about to unlock a new skill set.$NL;$NL;$cost_text;"
"dialog_unlock_skill_switch_free","This one is free of charge."
"dialog_unlock_skill_switch_offshore","It will cost you $offshore; offshore cash."
"dialog_unlock_skill_switch_spending","It will cost you $spending; spending cash."
"dialog_unlock_skill_switch_spending_offshore","It will cost you $spending; spending cash and $offshore; offshore cash."
"dialog_unlock_skill_switch_title","Ви впевнені?"
"dialog_unlock_skilltree","Ви збираєтеся почати $skill; дерево навичок.$NL;$NL;Це буде коштувати $cost; і $points; з $remaining_points; балів."
"dialog_unsuspend","This skill set is suspended, you can reset all skill points used in this skill set to make it available for use again. Would you like to reset $Name;?"
"dialog_unsuspend_title","Unsuspend Skill Set"
"dialog_use_default_keys_message","Do you wish to reset all keys to their default state?"
"dialog_vote_cancel","Abstain"
"dialog_vote_kick_no","Don't Kick"
"dialog_vote_kick_yes","Вигнати"
"dialog_wait","Please wait"
"dialog_wait_title","Please wait"
"dialog_waiting_for_server_response_title","Waiting for game to respond"
"dialog_warning_title","Попередження"
"dialog_xp_to_specialization","XP to Perk Conversion"
"dialog_yes","Так"
"edebc4f3e4c69f21","Disable Gamesight"
"err_disk","Not enough available space to load trophies. Please exit the game, ensure there is at least $MB;MB space available and try again."
"err_ins","Виникла помилка під час завантаження трофеїв. Будь ласка, вийдіть з гри і спробуйте ще раз."
"err_load","Loading trophies..."
"f5cb95f8f86386c5","Gamesight tells us how marketing campaigns are received, which helps us bring new players into PAYDAY 2 and ensure you have new heisters to play with in the years to come.$NL;$NL;Gamesight is optional, and you can disable it at any time in the Advanced options."
"legal_text","PAYDAY 2 ©️ 2019 Starbreeze AB. Всі права захищені. PAYDAY 2, PAYDAY, Starbreeze, Starbreeze Studios та логотип Starbreeze є товарними знаками або зареєстрованими товарними знаками Starbreeze AB у Швеції та/або інших країнах. Видано компанією 505 Games. 505 Games та логотип 505 Games є зареєстрованими торговими марками 505 Games S.r.l. Усі інші торгові марки є власністю відповідних власників."
"mutator_birthday_desc","Знищення спеціальних підрозділів створює повітряні кулі, які можна підстрелити, щоб дати всій команді бонус, який буде або прямим покращенням, або тимчасовим, залежно від того, який підрозділ знищено. Деякі підрозділи частіше створюють кулі, ніж інші. Одночасно може бути активним кілька бонусів."
"nx64_noti_button_back","$BTN_CANCEL; BACK"
"nx64_noti_dialog_subject","INVITE FROM: $player_name;"
"nx64_noti_invite_accept","ПРИЙНЯТИ"
"nx64_noti_invite_decline","DECLINE"
"nx64_noti_invites_title","INVITES"
"nx64_noti_legend_view_invite","$BTN_ACCEPT; ПЕРЕГЛЯНУТИ ЗАПРОШЕННЯ"
"nx64_noti_press_to_view_p1","PRESS"
"nx64_noti_press_to_view_p2","$BTN_START;"
"nx64_noti_press_to_view_p3"," TO VIEW"
"nx64_noti_received_from","INVITATION RECEIVED FROM"
"nx64_presence_Idle","В меню"
"nx64_presence_MPEnd","Multiplayer heist ended"
"nx64_presence_MPLobby","Multiplayer lobby"
"nx64_presence_MPPlaying","Playing multiplayer heist"
"nx64_presence_SPEnd","Singleplayer heist ended"
"nx64_presence_SPPlaying","Playing single player heist"
"nx64_presence_SafeHousePlaying","In the safe house"
"ps4_presence_Idle","В меню"
"ps4_presence_MPEnd","Multiplayer heist ended"
"ps4_presence_MPLobby","Multiplayer lobby"
"ps4_presence_MPPlaying","Playing multiplayer heist"
"ps4_presence_SPEnd","Singleplayer heist ended"
"ps4_presence_SPPlaying","Playing single player heist"
"ps4_presence_SafeHousePlaying","In the safe house"
"screen_autosaving_warning_NX64","This game automatically saves data at certain points.$NL;Do not turn off the Nintendo Switch™ when this icon is shown:"
"screen_autosaving_warning_PS3","This game saves data automatically at certain points.$NL;Please don't turn off your PlayStation®4 system when the following icon is displayed:"
"screen_autosaving_warning_WIN32","This game saves data automatically at certain points.$NL;Please don't turn off the game when it is saving."
"screen_autosaving_warning_X360","This game saves data automatically at certain points.$NL;Please don't turn off your Xbox One when the following icon is displayed:"
"sm_10_desc","Nuclear warheads in the hands of a mobster? Don't ask. Vlad's ready to help you step up. Says he can help you get in touch with the cartels, but the Fed's are combing the streets looking for those missing warheads. Well, let them pull DC apart looking for you. Vlad has another job, and this one is urgent. Get to LA - fast."
"sm_10_name","Highway Incident"
"sm_10_obj","Complete the Aftershock job on the Hard difficulty or higher.$NL;This assignment requires you to play from the lobby to the end of the heist."
"sm_12_desc","Before Vlad hands over any of that powder, he needs a little insurance. The name of the Payday Gang means something new. Having us flex a little muscle on his behalf shows his rivals how far he's come. He's a pain in the ass, I know, but after this he'll be ready to introduce you to his cartel, so it's worth it."
"sm_12_name","Paying Rent"
"sm_12_obj","Complete the Nightclub and Stealing Xmas jobs on the Hard difficulty or higher.$NL;This assignment requires you to play from the lobby to the end of the heist."
"sm_13_desc","Vlad has hooked us up with a contact in the cartel - Hector Morales. Not quite ready to let us in with their action, not until we prove ourselves. We need to build our notoriety. So time to get a few jobs under our belts. Enough to get your names on the lips of every cop and politician in DC. That should do it."
"sm_13_name","Honest Work"
"sm_13_obj","Досягніть 50 рівень репутації."
"sm_14_desc","Hector's ready to work with us. He's looking to move a big shipment of coke to the docks. A very big shipment. Wants us riding in the truck with the product. I'm guessing this amount of blow is going to see Hector move up the ranks in the cartel. Good opportunity for us to move with him."
"sm_14_name","Promotion"
"sm_14_obj","Complete the Watchdogs job on the Very Hard difficulty or higher.$NL;This assignment requires you to play from the lobby to the end of the heist."
"sm_15_desc","The Feds were waiting for us! Someone, inside or outside the crew, but someone close to us, is a rat. We'll figure out who it was, but until then we stay professional. Hector wants us on another job, sticking it to his rivals - the Mendoza cartel. Let's do this. Maybe it will draw the traitor out."
"sm_15_name","The Price You Pay"
"sm_15_obj","Complete the Firestarter job on the Very Hard difficulty or higher.$NL;This assignment requires you to play from the lobby to the end of the heist."
"sm_16_desc","Hector's got a plan for finishing off the Mendozas, who we reckon are being moved out of the country. Part of that plan is getting info off another gang, the Cobras, but they don't want money - they want meth. Hector won't use his own people for this, so we're going to see the deal goes down. This could be what puts Hector top of the pile, so it's worth our time."
"sm_16_name","Payment Due"
"sm_16_obj","Complete the Rats job in Very hard or higher.$NL;This assignment requires you to play from the lobby to the end of the heist."
"sm_17_desc","All right, we got a new contact. A politician, calling himself The Elephant. Job is a bit of industrial sabotage. Some hot-shot scientist has figured out cold fusion. Sort of technology that will make the oil companies as dead as disco. And the ''Powers That Be'' have a lot of money in those companies, so The Elephant and his friends want to make sure this technology gets buried. Fine by me."
"sm_17_name","Power Play"
"sm_17_obj","Complete the Big Oil job on the Very Hard difficulty or higher.$NL;This assignment requires you to play from the lobby to the end of the heist."
"sm_18_desc","Getting that fusion engine off the scene will make The Elephant happy. And a happy Elephant is an Elephant that pays. He's so happy he has something else for us. The Elephant's next play is having us take out one of his opponents. So that's what we do."
"sm_18_name","Pieces Off The Board"
"sm_18_obj","Complete the Framing Frame job on the Very Hard difficulty or higher.$NL;This assignment requires you to play from the lobby to the end of the heist."
"sm_19_desc","The Elephant is more of a back-room power broker. Works through pawns he gets into position, and that is what he wants us to do now. He's got a man - Bob McKendrick - in the running to be DC's mayor. The Elephant wants to make sure his man wins that race."
"sm_19_name","The Crooks And The Crooked"
"sm_19_obj","Complete the Election Day job on the Very Hard difficulty or higher.$NL;This assignment requires you to play from the lobby to the end of the heist."
"sm_1_desc","This shouldn't be too hard. Don't worry, I got your back and will talk you through it. Gives me a chance to make sure you're still up for this life."
"sm_1_desc_old","Before we begin, we gotta wipe your slate clean. That means erasing whatever dirt the Feds already got on you. You're nothing to them right now, so this shouldn't be too hard. Don't worry, I got your back and will talk you through it. Gives me a chance to make sure you're still up for this life."
"sm_1_name","The Basics"
"sm_1_obj","Пройдіть навчальний курс «Гучне - Пограбування» або досягніть 10-го рівня репутації."
"sm_1_obj_old","Complete The Tutorial Heists on stealth and loud or reach reputation level 10."
"sm_20_desc","I don't like it when people are trying to force our hands but this guy, The Dentist, has the means to get our associate back. If we want to be able to break Hoxton out of prison we have to play along with The Dentist's little plans. Although ''little'' is truly the wrong word here. The first job he ''so kindly'' asks us to do might be the biggest job we've done yet. He wants us to prove ourselves with the ultimate bank heist - the Benevolent Bank. It's never been successfully hit. If we pull this off, he says he'll help us get a chance to get Hoxton back. But not for free, I guess we'll hear more from him after the job."
"sm_20_name","Big Time"
"sm_20_obj","Complete the Big Bank job on the Very Hard difficulty or higher.$NL;This assignment requires you to play from the lobby to the end of the heist."
"sm_21_desc","The Dentist has a job for us, something big, but before that we need to get Hoxton back - he's in maximum security. Getting to him means getting to the District Attorney. Problem is he's being protected by a sack of Russian crap, calling himself The Commissar. Solution? Remove The Commissar. Wet work isn't usually our style but...well, exceptions can be made."
"sm_21_name","Takedown Tango"
"sm_21_obj","Complete the Hotline Miami job on the Very Hard difficulty or higher.$NL;This assignment requires you to play from the lobby to the end of the heist."
"sm_22_desc","Killing The Commissar means The Dentist can get to the DA. And that opens things up for us in the field of maximum security prison transfers. Of course, there's only one guy inside that we care about - our old friend Hoxton. He's a high-value, maximum security prisoner for the Feds. Putting pressure on the DA means we can get Hoxton into position for a break-out. So that's exactly what we're going to do."
"sm_22_name","Free Bird"
"sm_22_obj","Complete the Hoxton Breakout job in Very Hard or higher.$NL;This assignment requires you to play from the lobby to the end of the heist."
"sm_23_desc","Hector, that rat, is in the ground. Now, The Dentist is setting us after something special. He's not saying what it is just yet. First things first, though. There's a Diamond at the McKendrick Museum - THE Diamond. It's a valuable rock, and we're after it. The Dentist needs this diamond for something big, really big and we want a piece of it, so let's get get over to the Museum and grab that stone."
"sm_23_name","Some Things are Forever"
"sm_23_obj","Виконайте завдання «Діамант» на дуже високій складності або вище.$NL;Це завдання вимагає, щоб ви грали від лобі до кінця пограбування."
"sm_24_desc","The Diamond might be worth a King's ransom, but to The Dentist it's just a tool. Well, part of a tool, to be precise. Seems his real prize is stored in one of the world's toughest vaults - the Golden Grin Casino. We may be able to sneak it out of there, but if things get loud we need a plan B. That's why we're bringing in Sokol. He's designed a drill - the biggest ever, with The Diamond on the tip. Pack your bags - we're going to Vegas."
"sm_24_name","A Gamble"
"sm_24_obj","Complete the Golden Grin Casino job on the Very Hard difficulty or higher.$NL;This assignment requires you to play from the lobby to the end of the heist."
"sm_25_desc","After the Golden Grin, the Payday Gang is known from DC to LA and all points between. But it looks like you're getting an international reputation too. Got a call from The Butcher. A Croatian arms dealer, looking to make it in America. And who are we to stand in the way of someone following the American dream?"
"sm_25_name","A new friend"
"sm_25_obj","Complete either The Bomb: Dockyard or The Bomb: Forest jobs on the Very Hard difficulty or higher.$NL;This assignment requires you to play from the lobby to the end of the heist."
"sm_26_desc","Looks like The Butcher's burgeoning international operations hit something of a snag. The Sosa cartel have been interfering with her shipments. We made a little Balkan friend. Let's keep her that way."
"sm_26_name","Вартість доставки"
"sm_26_obj","Complete the Scarface job on the Very Hard difficulty or higher.$NL;This assignment requires you to play from the lobby to the end of the heist."
"sm_27_desc","You've come a long way, but don't think for a moment that this is the end. It isn't. You've made the Payday Gang the most wanted gang in the land. Keep it up. Get out there. Rob some banks. Pull off some heists. Do what you do best."
"sm_27_name","What We Do Best"
"sm_27_obj","Gain 20 Crime Spree ranks."
"sm_28_desc","Now that we have our fill of suntans and Tequila Sunrises, it's time to start planning for something juicy again. I got something in mind, but to set it up, we need some help, and the help I have in mind will take some convincing. So we gotta do something to impress them. I've got a couple sweet options for you to pick from..."
"sm_28_name","Back from Vacation"
"sm_28_obj","Complete either The Alesso Heist or the Counterfeit job on the Very Hard difficulty or higher.$NL;This assignment requires you to play from the lobby to the end of the heist."
"sm_29_desc","OK, so I've been looking at this one for a while, but needed to be sure we were ready for it. The First World Bank. Old, established, full of secrets and gold, all there for the taking. We're already famous, but this one will get us into the history books."
"sm_29_name","Secrets & Gold"
"sm_29_obj","Виконайте завдання Першого Світового Банку на дуже високій складності або вище.$NL;Це завдання вимагає, щоб ви грали від лобі до кінця пограбування."
"sm_2_desc","Okay, so this might just work out. Preparation is important though. You're a professional. You need the right gear for the job. Okay, there may not be much in the cupboard right now, but as you keep pulling off heists, get notorious, we'll get those racks and cabinets filled with all the right gear."
"sm_2_name","Getting Ready"
"sm_2_obj","Go to your inventory and equip a deployable, a perk from any perk deck and also spend five skill points."
"sm_30_desc","You gotta wonder how some characters survive this business, but I try to keep an open mind. Anyway, this guy Jimmy wants to work with us, says he has big job lined up. I did some checking and, crazy or not, the grapevine says he's OK, so it might be worth the risk. We better be sure though, because the job involves going up against notorious Russian psycho ''Akan''. Not to be messed with lightly, from what I've heard. First thing Jimmy wants us to do is intercept a Murkywater transport of... get this- an EMP bomb! Says we're gonna need it for the next phase."
"sm_30_name","Don't Wake the Bear"
"sm_30_obj","Complete the Murky Station job on the Very Hard difficulty or higher.$NL;This assignment requires you to play from the lobby to the end of the heist."
"sm_31_desc","This whole 'stopping evil psychos' thing is a little out of our comfort zone, but Jimmy is pretty convincing. Maybe we should see this one through. Only thing is... uh... we gotta go to Russia. There's a cache of high-tech data Jimmy wants us to steal, so that Akan doesn't get his hands on it. He's pretty riled up about it. But even if we take Jimmy at his word, and doing this will be kind of a public service, we can probably squeeze a nice bit of profit from it too. And hey, it'll be a change of pace, right? I hear Siberia is nice this time of year..."
"sm_31_name","Moscow Mule"
"sm_31_obj","Complete the Boiling Point job on the Very Hard difficulty or higher.$NL;This assignment requires you to play from the lobby to the end of the heist."
"sm_32_desc","Yeah... it feels like everyone is asking for help from the Payday Gang now. Vlad wants us to help out his cousin, who somehow got wind of our adventure in the Motherland. He's been good for us so far, so if you're up for it, why not hear what he has to say? Or if you're in the mood for something more... greasy, he also mentioned a warehouse full of bikers that need to be shown the way to some holiday cheer. Up to you, guys."
"sm_32_name","Animal Farm"
"sm_32_obj","Complete either the Goat Simulator job or the Santa's Workshop job on the Very Hard difficulty or higher.$NL;This assignment requires you to play from the lobby to the end of the heist."
"sm_33_desc","I usually don't like dealing with anonymous outfits, but a request has been made through the grapevine for an order of Falcogini automobiles, and the payday is substantial, worth looking into. There weren't any specifics, so we can do it on our terms. Might be a ticket to higher gains down the road. There are a lot of cops near the Falcogini dealership though, and we gotta get the cars out clean, so no storm of bullets, OK?"
"sm_33_name","That New Car Smell"
"sm_33_obj","Complete the Car Shop job on the Very Hard difficulty or higher.$NL;This assignment requires you to play from the lobby to the end of the heist."
"sm_34_desc","Our old friend The Elephant has brought us a new prospect- a member of a local biker gang. He's a real hard-ass this one, good to have around in a fight. Before he joins up permanently though, he's asked for our help in leaving his gang. Apparently, they don't take kindly to members wanting out. I say we do- it's an investment, and good karma for us. Rust also mentioned a piece of technology in the gang's possession that I could use..."
"sm_34_name","Chrome, Rubber & Tattoos"
"sm_34_obj","Complete The Biker Heist on the Very Hard difficulty or higher.$NL;This assignment requires you to play from the lobby to the end of the heist."
"sm_35_desc","Looks like our new heister is settling in. Rust still has contacts around the city and got an interesting tip for us. There's a run-down building being used by a local gang that has a panic room filled with loot. Apparently, the room is virtually break-in proof without damaging the contents, but I've got another idea. I think you're going to have some fun with this one guys."
"sm_35_name","Heavy Lift"
"sm_35_obj","Complete the Panic Room job on the Very Hard difficulty or higher.$NL;This assignment requires you to play from the lobby to the end of the heist."
"sm_36_desc","Hey gang. I got a job for you from The Continental. Turns out they were the ones that took delivery of the Falcoginis, and have been wanting to work with us for a while. Their guy Charon is in deep shit in N.Y.C., needs to be pulled out of a situation. A mutual friend of him and Chains- John Wick, made the introductions. I got someone else I need to meet there too, that will help us in the future. So, let's get to The Big Apple."
"sm_36_name","The New York Situation"
"sm_36_obj","Complete the Brooklyn 10-10 job on the Very Hard difficulty or higher.$NL;This assignment requires you to play from the lobby to the end of the heist."
"sm_37_desc","Mayor McKendrick has been a rusty nail in our asses long enough. Time for us to give him some payback. And it's gonna be the kind politicians hate - loss of money. Wick got a tip from Charon about a big fundraiser the Mayor is holding and we're going to crash the place, but quiet-like."
"sm_37_name","Money in the Water"
"sm_37_obj","Complete The Yacht Heist on the Very Hard difficulty or higher.$NL;This assignment requires you to play from the lobby to the end of the heist."
"sm_38_desc","''The taxman cometh'', they say. Very profound. What say we make it the other way around? Got us a nice thank-you-tip from the Continental. There's this IRS guy, a real dirtbag, about to sell a hard drive containing very sensitive information worth millions to some corporate slime-balls. If we intercept the deal, we can take that little mint away from them and keep it for ourselves. It'll be like our own version of Robin Hood, stickin' it to The Man to feed all us needy heisters."
"sm_38_name","Clowns, Death and Tax Returns"
"sm_38_obj","Complete the Undercover job on the Very Hard difficulty or higher.$NL;This assignment requires you to play from the lobby to the end of the heist."
"sm_39_desc","I've been trying to find more ways to cash in on Murkywater. They have tentacles spread all over the place, and have an uncanny way of turning up where you least expect it. There's definitely more to them than what we've seen. They've got a supply line running through D.C. I've been looking at, and it finally looks like something worth our while is coming through."
"sm_39_name","Convoy of Bricks"
"sm_39_obj","Complete the Slaughterhouse job on the Very Hard difficulty or higher.$NL;This assignment requires you to play from the lobby to the end of the heist."
"sm_3_desc","Okay. The Fed's have nothing on you. You've got the mask. You've got the guns. But have you got what it takes to make the Payday Gang the stuff of legends? Well, it's time to find out. DC's got branch banks and jewellery stores all over. Been a long while since any of them were knocked over. Too long. Let's get rich."
"sm_3_name","Let's Make Some Money"
"sm_3_obj","Complete the Jewelry Store job and the Bank Heist: Cash.$NL;This assignment requires you to play from the lobby to the end of the heist."
"sm_40_desc","Sometimes fate shows you where your biggest problems are. Keeps you from getting over-confident. Looks like Murkywater got tired of us taking from them and are after revenge. A Murky agent just hacked into Crimenet- says he can shut us down permanently, and I believe him. But he also says he wants to work with us, AGAINST Murkywater. Damn way to say hello, huh? Who knows what this guy really wants, but until we know more about him, we should play along. Make the best of the situation and get some profit out of it. But don't let your guard down for a minute."
"sm_40_name","Cat Bites Dog"
"sm_40_obj","Виконайте завдання «Під горою» на дуже високій складності або вище.$NL;Це завдання вимагає, щоб ви грали від лобі до кінця пограбування."
"sm_41_desc","Well, how about that. The mountain job turned out pretty nice, under the circumstances. Hope you guys are up for a plane ride. Locke has another job he wants ''help'' with, onboard a Murkywater cargo plane. He seems hell-bent on pissing all over their operation, which is fine by me. Just keep watching for anything suspicious, 'cause I'm still not convinced he isn't waiting to stick a knife in our back."
"sm_41_name","Clowns from Above"
"sm_41_obj","Complete the Birth of Sky job on the Very Hard difficulty or higher.$NL;This assignment requires you to play from the lobby to the end of the heist."
"sm_42_desc","Still not really sure what to make of this guy, but Locke seems on the up an'up. If nothing else, the way he's been moving against Murkywater, it would be suicide to double-cross us too. And hasn't let us down so far. Says he has info about people that are trying to bring us down. Obviously, we're not gonna give them the chance..."
"sm_42_name","Damage Control"
"sm_42_obj","Complete the Heat Street job on the Very Hard difficulty or higher.$NL;This assignment requires you to play from the lobby to the end of the heist."
"sm_43_desc","Gang, after a little not-so-friendly persuasion, we got us a lead on Kento. A guy by the name of Kazuo supposedly has some info for us, with one little snag; he's rattling bars at D.C. Central. Lucky for you, I've arranged a transfer, so all we gotta do is make sure to grab him when it happens. This one is gonna get really loud, and I don't think we'll be too popular with the D.D.O.T. afterward, 'cause they're gonna be fixing more than potholes- we're taking down a bridge!"
"sm_43_name","Bridge Busters"
"sm_43_obj","Complete the Green Bridge job on the Very Hard difficulty or higher.$NL;This assignment requires you to play from the lobby to the end of the heist."
"sm_44_desc","Time for a little trip up north, guys. Locke has set up a sweet weapons deal with the Butcher, but he needs some extra protection. The deal is going down in a remote Alaskan port, so pack your thermal undies. You'll be traveling incognito, so I've got train tickets booked for you."
"sm_44_name","Polar Safari"
"sm_44_obj","Complete the Alaskan Deal job on the Very Hard difficulty or higher.$NL;This assignment requires you to play from the lobby to the end of the heist."
"sm_45_desc","Схоже, Локк прийняв нас за купку бовдурів на Алясці, і М'ясник розлючений. Після того, що він зробив, ми повинні показати йому, що буває, коли з нами зв'язуються. Локк на даний момент пішов у тінь, але у нього є інвестиції в групу «Гранат». Якщо ми завдамо серйозної шкоди їхнім фінансам, це зашкодить і Локку, тож я маю для тебе невеличку роботу, яка зробить це саме так."
"sm_45_name","Carbon Payback"
"sm_45_obj","Complete the Diamond Heist on the Very Hard difficulty or higher.$NL;This assignment requires you to play from the lobby to the end of the heist."
"sm_46_desc","Hey gang, I think you guys need a break from D.C. and I've got something real old-school lined up for you. An old friend of mine in the Cabot family, out in La La Land, needs some extra people. It's another job against the Garnet group, which means... more diamonds. I owe this guy a favor from way back, so I need you to get out there and help him. And the payday's good, anyway. Show those Hollywood cosmo-drinkers how the pro's from D.C. handle things. It should be a cakewalk."
"sm_46_name","Black Suit Blues"
"sm_46_obj","Complete the Reservoir Dogs job on the Very Hard difficulty or higher.$NL;This assignment requires you to play from the lobby to the end of the heist."
"sm_47_desc","Friends, I promise I will see you to the end of this, yeah? Bain has been secretly searching for some kind of Holy Grail Dinges for a long time and I am committed to help. He may be gone, but the search will continue. Duke has managed to start uncovering a lot of new leads on it, digging through volumes of ancient lore. Before he got taken, Bain set up a plan to find an artifact buried in the foundation of a bank in Brooklyn. This artifact was put there in the early 1900s and may contain clues we need."
"sm_47_name","Old Town, New Captain"
"sm_47_obj","Complete the Brooklyn Bank job on the Very Hard difficulty or higher.$NL;This assignment requires you to play from the lobby to the end of the heist."
"sm_48_desc","If we believe his message, Bain is truly dead. And the Elephant has been arrested. According to Garrett's email logs, the people behind Bain's capture are called The Kataru; they seem to be some kind of ancient and secret society that uses Murkywater as a front. They are offering to trade Bain's body to Garrett in return for some object connected to Bain's grail-thing, which Duke says is called Baldwin's Lament, or something. So if we're going to finish what Bain started and find this thing, whatever it is, we need that object. And it would be fitting payback to put that chop in a kakspul of trouble, yeah?"
"sm_48_name","Garrett's Foil"
"sm_48_obj","Complete the Breakin' Feds job on the Very Hard difficulty or higher.$NL;This assignment requires you to play from the lobby to the end of the heist."
"sm_49_desc","Dear friends, I knew I had seen something like the Elephant box before, and remembered a visit I once paid to a secret Murkywater storage and research facility out in the desert. This place is basically the heart of Murky, full of insane projects, and what little I saw made me begin to question how much longer I wanted to work with those dwankies. I had a friend help me hack into the security feed and we've managed to find out that they are in fact holding two almost identical cases. Duke is pretty sure the Kataru were trying to gather them for some reason connected to Baldwin's Lament."
"sm_49_name","There's Something in the Desert"
"sm_49_obj","Complete the Henry's Rock job on the Very Hard difficulty or higher.$NL;This assignment requires you to play from the lobby to the end of the heist."
"sm_4_desc","Well, you've done it now. You're a heister. You're in the club. And one of the perks of said club is connections. Meet Gage. He's going to get us guns and help us move loot, so consider him a valuable ally. He's got a bit of dock-side burglary for you to take care of - keep it real quiet-like."
"sm_4_name","Midnight Heist"
"sm_4_obj","Secure four bags in the Shadow Raid job. This can be done in multiple playthroughs.$NL;This assignment requires you to play from the lobby to the end of the heist."
"sm_50_desc","The Elephant, now released from lockup after being falsely charged by that chop Garrett with fake Kataru evidence, is looking for some payback. Looks like he's going to help us find Baldwin's Lament, and Bain too. He's tipped us off about an auction taking place in Salem, Massachusetts where they're offering items from a shipwreck recently discovered in Antarctica. According to the notes and research left by Duke's grandfather, one of the passengers was somehow involved with the Kataru. This passenger was apparently traveling to an unknown location and hoped to divert the course of the ship when it disappeared in 1905. Something he carried with him is apparently important, and you know... an auction with lots of nice, juicy antiques might just boost our coffers a bit, yeah?"
"sm_50_name","The Lost Recovered"
"sm_50_obj","Complete the Shacklethorne Auction job on the Very Hard difficulty or higher.$NL;This assignment requires you to play from the lobby to the end of the heist."
"sm_51_desc","OK, here we go. Those Kataru dwankies have had their nasty paws on our Bain for far too long. With information provided by the Elephant, I have managed to find where Bain is being kept. Murkywater has many facilities and this is one of the worst- a run-down prison they bought from the US military in the 70s, located on a small island with a lighthouse. No one pays attention to the place as long as the lighthouse works, because the Murkies are running it through a utilities subsidiary. The prison was originally used to hold Japanese POWs after Pearl Harbor and has been equipped with advanced medical facilities. When I was with Murky, rumor was they did some very nasty experiments there. I'm working on a plan to get you in there and extract Bain. Let's hope we're not too late."
"sm_51_name","Lazarus Down"
"sm_51_obj","Complete the Hell's Island job on the Very Hard difficulty or higher.$NL;This assignment requires you to play from the lobby to the end of the heist."
"sm_52_desc","Dear friends, the Dentist and those Murky keks have infected Bain with a strange virus while they had him. I managed to pull some information from the Murky mainframe and recognize the codename. The virus is a refined strain of something they got hold of many years ago, when they were contracted by the US government to develop biological toxins using loopholes in existing bio-warfare treaties. I had an old bio-med contact look at it and, while the virus isn't contagious, the situation is blerrie awful. There is no cure. Bain only has, at most, a few days until he is consumed from within. I asked Chains once when Bain's obsession with this whole secret dinges started, and he told me about the Cagliostro manuscript being payment for a hospital job many years ago, involving the blood of a patient in isolation. I remember an incident back at Murky around the same time, with a huge scandal and coverup. One of the... volunteers... Murky was doing medical tests on had gotten out and needed to be contained. It can't be a coincidence. Maybe Bain's search, will ultimately be his end."
"sm_52_name","Turnaround"
"sm_52_obj","Complete the No Mercy job on the Very Hard difficulty or higher.$NL;This assignment requires you to play from the lobby to the end of the heist."
"sm_53_desc","Бейн знає, що його час спливає, але він дуже хоче, щоб його команда, всі ми, отримали заслужену винагороду до того, як все закінчиться. Він завжди говорив про «найбільше пограбування» чи щось таке... і я ніколи не знав, що він мав на увазі, до цього моменту. Це так - наприкінці громадянської війни в Америці президент Лінкольн помилував солдатів Конфедерації, щоб допомогти об'єднати країну. Щоб полегшити їх розповсюдження, багато документів залишилися без правонаступників, і були доставлені його генералами. Як виявилося, деякі з цих помилувань все ще існують, заховані... у проклятому Білому домі. І послухайте це, друзі - вони все ще законні! Уявіть, що ми зможемо уникнути відповідальності за все, що ми зробили, і піти на спокій... це дійсно було б щось грандіозне, так? Ну що ж, хлопці, ми це зробимо. Тепер, коли будівлю гарненько випорожнили ті придурки, що спричинили весь світовий галас, ми, мабуть, зможемо потрапити всередину. Схоже, що будівлю охороняє лише кістяк бригади Меркі - без сумніву, маневрований Дантистом після того, як Секретна служба та інші відомства переїхали. Але це буде нелегко... і це буде робота за принципом «все або нічого». Якщо ми зазнаємо невдачі, це кінець. Цього разу по-справжньому."
"sm_53_name","The Greatest Heist of All"
"sm_53_obj","Complete The White House job on the Very Hard difficulty or higher.$NL;This assignment requires you to play from the lobby to the end of the heist."
"sm_5_desc","Чудова робота. Це означає, що ви починаєте ставати відомим. І, врешті-решт, погана слава - це ваша кров. Розумієте, гроші можуть вкрасти. Золото може прийти і піти. Але слава - ось чого ти справді вартий. Тож давайте ще трохи."
"sm_5_desc_old","Чудова робота. Змусили цих гопників з Мерківотер чухати дупи і гадати, куди ж поділося їхнє лайно. Гейдж щасливий, а Мерківотер - ні. Це означає, що ви починаєте ставати відомим. І, врешті-решт, погана слава - це ваша кров. Розумієте, гроші можуть вкрасти. Золото може прийти і піти. Але слава - ось чого ти справді вартий. Тож давайте ще трохи."
"sm_5_name","Фортуна та Слава"
"sm_5_obj","Виконайте завдання «Банк Go» і «Магазин Діамантів».$NL;Для цього завдання потрібно грати від початку у лобі до завершення пограбування."
"sm_5_obj_consoles","Complete the Diamond Store job.$NL;This assignment requires you to play from the lobby to the end of the heist."
"sm_6_desc","Outstanding. People are starting to hear about the Payday Gang. I told you notoriety matters. You need it to get the real big scores. And the people who supply those scores are watching. They're waiting to see what you can do. I think I have just the jobs to do that."
"sm_6_name","Time to show off"
"sm_6_obj","Complete at least three Transport heists.$NL;Complete the Transport: Train Heist and steal the turret prototype.$NL;This assignment requires you to play from the lobby to the end of the heist."
"sm_7_desc","You proved you have what it takes to get in, get loud and get the job done. That brings contacts our way. Here's our first - Vlad Kozak. Vlad's crazy. Even for someone spat from the Russian mobscene, this big guy stands apart, Well, he likes your work. We'll see if that's a good thing. But before he lets you into bed with him, you're going to have to do a little grunt work."
"sm_7_name","International Connections"
"sm_7_obj","Complete the Mallcrasher and Four Store jobs on hard or higher.$NL;This assignment requires you to play from the lobby to the end of the heist."
"sm_8_desc","Vlad's happy, and, trust me, we want to keep that guy smiling. He's so happy, in fact, he's got a couple of jobs for you that're a little bit personal. Do these for him, he says, and we're gonna be his top guys. Can't hurt to do the big guy a couple of little favors, can it?"
"sm_8_name","Personal Favors"
"sm_8_obj","Complete the White Xmas job and Ukrainian Job on the Hard difficulty or higher.$NL;This assignment requires you to play from the lobby to the end of the heist."
"sm_9_desc","Okay, Vlad - well, he likes how you do things. Says he's got a job for you. Something special. Something big. Something like that can only end in trouble for everyone. So make sure you hit it hard and fast."
"sm_9_desc_old","Okay, Vlad - well, he likes how you do things. Says he's got a job for you. Something special. Something big. He wants you to boost 'something' from that Murkywater warehouse you hit for Gage, you remember that? Vlad is pitching against the Murkies. Something like that can only end in trouble for everyone. So make sure you hit it hard and fast."
"sm_9_name","Duck & Cover"
"sm_9_obj","Complete the Meltdown job on the Hard difficulty or higher.$NL;This assignment requires you to play from the lobby to the end of the heist."
"sm_act_1_name","Розділ 1: Це Лише Початок"
"sm_act_2_name","Розділ 2: Королі Кримінальної Мережі"
"sm_act_3_name","Розділ 3: Кінець гри"
"sm_end_name","Here's to Another Heist!"
"sm_first_safehouse_desc","Since you'll be out on the streets wreaking havoc, you're gonna need a place to call home- a safe house. I got just the place. It's nothing too fancy but it will have to do for now. Head over there and check it out, then later we can go about making some money."
"sm_first_safehouse_name","A Safe Haven"
"sm_first_safehouse_obj","Visit your safe house atleast once."
"sm_hoxton_revenge_desc","Hoxton used his time on the inside well. He wasn't even out of his prison pyjamas before busting in the FBI headquarters and getting everything he could about the rat. No name - the Feds are too canny for that - but the location of the safe house where the rat is being held. Time to finish this."
"sm_hoxton_revenge_name","Bullets in the Safe House"
"sm_hoxton_revenge_obj","Complete the Hoxton Revenge job on the Very Hard difficulty or higher.$NL;This assignment requires you to play from the lobby to the end of the heist."
"sm_moving_up_desc","OK, I told you before that people are watching you, One guy in particular has an interest in you. I might have something big coming up with this new contact, but the job he has in mind will be difficult and you have to get ready for it."
"sm_moving_up_desc_old","OK, I told you before that people are watching you, One guy in particular has an interest in you. I might have something big coming up with this new contact, but the job he has in mind will be difficult and you have to get ready for it. Come back when you've prepped a bit more and I will set you up."
"sm_moving_up_name","Moving up in the World"
"sm_moving_up_obj","Reach reputation level 25 or complete stealth tutorial."
